證券代號,證券名稱,產業內容
1101,台泥,"石灰石, 水泥生料, 水泥熟料, 水泥成品, 預拌混凝土"
1102,亞泥,"水泥熟料, 風場開發, 發電營運"
1103,嘉泥,"水泥成品, 建設業, 貨櫃運輸集散及倉儲, 租賃業"
1104,環泥,"水泥成品, 預拌混凝土"
1108,幸福,"石灰石, 水泥生料, 水泥熟料, 水泥成品, 預拌混凝土"
1109,信大,"石灰石, 水泥生料, 水泥熟料, 水泥成品, 預拌混凝土"
1110,東泥,水泥成品
1201,味全,"冷凍、罐頭、脫水、醃漬食品, 乳製品"
1203,味王,冷凍、罐頭、脫水、醃漬食品
1210,大成,"原物料, 加工食品, 冷凍、罐頭、脫水、醃漬食品"
1213,大飲,其他
1215,卜蜂,"原物料, 加工食品, 冷凍、罐頭、脫水、醃漬食品"
1216,統一,"原物料, 加工食品, 冷凍、罐頭、脫水、醃漬食品, 乳製品"
1217,愛之味,冷凍、罐頭、脫水、醃漬食品
1218,泰山,"加工食品, 冷凍、罐頭、脫水、醃漬食品"
1219,福壽,加工食品
1220,台榮,"原物料, 加工食品, 貿易商、代理商、經銷商"
1225,福懋油,"原物料, 加工食品"
1227,佳格,營養食品
1229,聯華,"加工食品, 系統整合"
1231,聯華食,冷凍、罐頭、脫水、醃漬食品
1232,大統益,"原物料, 加工食品"
1233,天仁,"原物料, 餐飲連鎖"
1234,黑松,冷凍、罐頭、脫水、醃漬食品
1235,興泰,原物料
1236,宏亞,乳製品
1240,茂生農經,農業科技業
1256,鮮活果汁-KY,加工食品
1259,安心,餐飲連鎖
1264,德麥,原物料
1268,漢來美食,餐飲連鎖
1294,漢田生技,"原物料, 加工食品"
1301,台塑,"塑膠製品, 人造纖維, 石化原料(例如純對苯二甲酸、乙二醇、己內醯胺、丙烯腈等)"
1303,南亞,"玻璃纖維/玻纖布, 環氧樹脂, 酚醛樹脂, 銅箔, 石化上游原料及相關鑽探設備, 人造纖維, 石化原料(例如純對苯二甲酸、乙二醇、己內醯胺、丙烯腈等), 人造纖維產品(例如尼龍纖維、聚酯纖維、嫘縈纖維等), 染整, 電控元件, 機械設備之沖壓零組件, 銅箔基板"
1304,台聚,工業用合成樹脂
1305,華夏,塑膠製品
1307,三芳,塑膠製品
1308,亞聚,工業用合成樹脂
1309,台達化,塑膠製品
1310,台苯,塑膠製品
1312,國喬,塑膠製品
1313,聯成,塑化劑(可塑劑)
1314,中石化,"石化原料(例如純對苯二甲酸、乙二醇、己內醯胺、丙烯腈等), PTA(對苯二甲酸)觸媒, 工業用合成樹脂"
1315,達新,"塑膠製品, 成衣及其它家居紡織類品, 手工具機"
1316,上曜,塑膠製品
1319,東陽,"塑膠製品, 鈑金, 引擎蓋, 保險桿"
1321,大洋,塑膠製品
1323,永裕,塑膠製品
1324,地球,塑膠製品
1325,恆大,塑膠製品
1326,台化,"塑膠製品, 人造纖維, 石化原料(例如純對苯二甲酸、乙二醇、己內醯胺、丙烯腈等), 人造纖維產品(例如尼龍纖維、聚酯纖維、嫘縈纖維等), 紡紗, 織布, 染整, PTA(對苯二甲酸)觸媒"
1336,台翰,"金屬、塑膠模具, 塑膠框, 塑膠/金屬機殼"
1337,再生-KY,塑膠製品
1338,廣華-KY,其他
1339,昭輝,"塑膠製品, 保險桿"
1340,勝悅-KY,塑膠製品
1342,八貫,其他
1402,遠東新,"塑膠製品, 石化原料(例如純對苯二甲酸、乙二醇、己內醯胺、丙烯腈等), 人造纖維產品(例如尼龍纖維、聚酯纖維、嫘縈纖維等), 染整, 成衣及其它家居紡織類品, 建設業, 工程承攬, PTA(對苯二甲酸)觸媒"
1409,新纖,"人造纖維, 人造纖維產品(例如尼龍纖維、聚酯纖維、嫘縈纖維等)"
1410,南染,"IC封裝測試, 塑膠製品, 染整"
1413,宏洲,"人造纖維產品(例如尼龍纖維、聚酯纖維、嫘縈纖維等), 紡紗"
1414,東和,紡紗
1416,廣豐,"應用/系統軟體設計開發, 建設業, 其他"
1417,嘉裕,成衣及其它家居紡織類品
1418,東華,人造纖維產品(例如尼龍纖維、聚酯纖維、嫘縈纖維等)
1419,新紡,"織布, 染整, 貿易商、代理商、經銷商, 零售通路"
1423,利華,天然纖維產品(例如純棉、純羊毛等)
1432,大魯閣,"娛樂服務業, 染整"
1434,福懋,"IC封裝測試, IC模組, 塑膠製品, 紡紗, 織布, 染整, 加油站"
1435,中福,其他
1436,華友聯,建設業
1437,勤益控,其他
1438,三地開發,建設業
1439,雋揚,建設業
1440,南紡,"人造纖維產品(例如尼龍纖維、聚酯纖維、嫘縈纖維等), 紡紗"
1441,大東,紡紗
1442,名軒,建設業
1443,立益物流,其他
1444,力麗,人造纖維產品(例如尼龍纖維、聚酯纖維、嫘縈纖維等)
1445,大宇,"紡紗, 織布"
1446,宏和,"織布, 成衣及其它家居紡織類品"
1447,力鵬,"人造纖維產品(例如尼龍纖維、聚酯纖維、嫘縈纖維等), 紡紗, 織布, 染整"
1449,佳和,"紡紗, 織布, 染整"
1451,年興,"紡紗, 織布, 染整, 成衣及其它家居紡織類品"
1452,宏益,人造纖維產品(例如尼龍纖維、聚酯纖維、嫘縈纖維等)
1453,大將,"紡紗, 建設業"
1454,台富,"紡紗, 織布, 成衣及其它家居紡織類品"
1455,集盛,人造纖維產品(例如尼龍纖維、聚酯纖維、嫘縈纖維等)
1456,怡華,"人造纖維產品(例如尼龍纖維、聚酯纖維、嫘縈纖維等), 天然纖維產品(例如純棉、純羊毛等), 紡紗, 織布, 建設業"
1457,宜進,"人造纖維產品(例如尼龍纖維、聚酯纖維、嫘縈纖維等), 紡紗, 染整"
1459,聯發,人造纖維產品(例如尼龍纖維、聚酯纖維、嫘縈纖維等)
1460,宏遠,"紡紗, 織布, 染整, 成衣及其它家居紡織類品"
1463,強盛新,染整
1464,得力,"人造纖維產品(例如尼龍纖維、聚酯纖維、嫘縈纖維等), 紡紗, 織布, 染整"
1465,偉全,"人造纖維產品(例如尼龍纖維、聚酯纖維、嫘縈纖維等), 織布"
1466,聚隆,人造纖維產品(例如尼龍纖維、聚酯纖維、嫘縈纖維等)
1467,南緯,"染整, 成衣及其它家居紡織類品"
1468,昶和,"人造纖維產品(例如尼龍纖維、聚酯纖維、嫘縈纖維等), 化學助劑, 織布, 染整, 成衣及其它家居紡織類品"
1470,大統新創,染整
1471,首利,"機殼, 電源供應器"
1472,三洋實業,"結構工程, 機電工程, 營造業, 工程承攬"
1473,台南,成衣及其它家居紡織類品
1474,弘裕,織布
1475,業旺,染整
1476,儒鴻,"織布, 成衣及其它家居紡織類品"
1477,聚陽,成衣及其它家居紡織類品
1503,士電,"安全監控系統, 輸送機械及零配件, 車用機械傳動設備及零配件, 冷凍空調設備及零件, 機電系統工程, 機電工程, 其他, 大功率鋰電池芯/模組、電池管理系統、動力馬達等零組件, 電力系統"
1504,東元,"傳動元件, 電控元件, 冷凍空調設備及零件, 機電系統工程, 機電工程, 移動控制, 大功率鋰電池芯/模組、電池管理系統、動力馬達等零組件, 監控系統, 電力系統"
1506,正道,"車用機械傳動設備及零配件, 冷凍空調設備及零件, 金屬加工處理, 其他"
1512,瑞利,"車用機械傳動設備及零配件, 其他"
1513,中興電,"金屬加工用機械, 冷凍空調設備及零件, 機電系統工程, 金屬加工處理, 建設業, 物業管理, 太陽能發電設備/系統及系統工程, 太陽能電廠, 風場規劃, 風場營造, 高/低壓輸電設施, 配電管理設施, 高壓AMI, 低壓AMI, 能源管理服務, 系統整合服務"
1514,亞力,"機電系統工程, 配電系統, 電力系統"
1515,力山,手工具機
1516,川飛,其他
1517,利奇,車用機械傳動設備及零配件
1519,華城,"機電系統工程, 大功率鋰電池芯/模組、電池管理系統、動力馬達等零組件, 配電系統, 變壓器, 電力系統, 高/低壓輸電設施, 配電管理設施, 電網營造"
1521,大億,車燈
1522,堤維西,車燈
1524,耿鼎,鈑金
1525,江申,其他
1526,日馳,傳動元件
1527,鑽全,手工具機
1528,恩德,"生產製程及檢測設備, 專用機械(如紡織成衣生產用機械、食品飲料生產用機械、農林用機械等), 貿易商、代理商、經銷商"
1529,樂事綠能,"機電系統工程, 太陽能發電設備/系統及系統工程, 太陽能電廠"
1530,亞崴,金屬加工用機械
1531,高林股,專用機械(如紡織成衣生產用機械、食品飲料生產用機械、農林用機械等)
1532,勤美,"娛樂服務業, 旅館服務業, 鋼鑄鐵元件, 建設業, 零售通路"
1533,車王電,"電控元件, 手工具機, 車用機械傳動設備及零配件, 其他, 大功率鋰電池芯/模組、電池管理系統、動力馬達等零組件"
1535,中宇,機電系統工程
1536,和大,"傳動元件, 其他, 大功率鋰電池芯/模組、電池管理系統、動力馬達等零組件"
1537,廣隆,"其他電腦及週邊設備之零組件, 五金元件及零配件, 車用機械傳動設備及零配件, 機電系統工程, 大功率鋰電池芯/模組、電池管理系統、動力馬達等零組件"
1538,正峰,"手工具機, 車燈, 燈具/應用"
1539,巨庭,手工具機
1540,喬福,金屬加工用機械
1541,錩泰,手工具機
1558,伸興,"專用機械(如紡織成衣生產用機械、食品飲料生產用機械、農林用機械等), 手工具機"
1560,中砂,五金元件及零配件
1563,巧新,"車用機械傳動設備及零配件, 鋁合金鋼圈"
1565,精華,隱型眼鏡、光學鏡片
1568,倉佑,"車用機械傳動設備及零配件, 其他"
1569,濱川,"機殼, 其他電腦及週邊設備之零組件"
1570,力肯,手工具機
1580,新麥,專用機械(如紡織成衣生產用機械、食品飲料生產用機械、農林用機械等)
1582,信錦,"機構樞紐, 金屬、塑膠模具"
1583,程泰,金屬加工用機械
1584,精剛,其他
1586,和勤,"金屬、塑膠模具, 其他電腦及週邊設備之零組件, 機械設備之沖壓零組件, 車用機械傳動設備及零配件"
1587,吉茂,其他
1589,永冠-KY,"鋼鑄鐵元件, 齒輪箱, 其他配件, 風場開發, 原材料"
1590,亞德客-KY,"傳動元件, 金屬加工用機械"
1591,駿吉-KY,五金元件及零配件
1593,祺驊,"裝置/器材零組件, 電子零組件、塑膠零件、五金零件, 塑化材料, 金屬零件"
1595,川寶,生產製程及檢測設備
1597,直得,"傳動元件, 電控元件"
1598,岱宇,"其他, 健身器材"
1599,宏佳騰,"休閒車業, 電動汽車、電動機車、電動自行車"
1603,華電,"建材原料, 工程承攬, 其他, 高/低壓輸電設施"
1604,聲寶,"電視, 其他"
1605,華新,"煤、鐵礦砂、鎳鐵、鉻鐵、廢鋼, 不鏽鋼胚, 冷熱軋不鏽鋼板捲, 不鏽鋼棒線, 製管, 鋼線鋼纜, 建設業, 鋰電池材料, 大功率鋰電池芯/模組、電池管理系統、動力馬達等零組件, 太陽能發電設備/系統及系統工程, 電纜, 高/低壓輸電設施"
1608,華榮,"光通訊設備(如光纖電纜、光傳輸設備), 其他"
1609,大亞,"其他, 太陽能電廠, 電纜, 高/低壓輸電設施"
1611,中電,"其他, 特殊照明業, 燈具/應用, 鋰電池材料, 太陽能發電設備/系統及系統工程"
1612,宏泰,"建材原料, 其他, 電纜, 高/低壓輸電設施"
1614,三洋電,"監視器/顯示器, 電視, 有線通訊設備(如電話機、傳真機), 冷凍空調設備及零件, 製造商, 貿易商、代理商、經銷商, 零售通路, 其他電子產品及電子服務產業"
1615,大山,"線材, 其他, 電纜, 高/低壓輸電設施"
1616,億泰,其他
1617,榮星,"線材, 金屬材料, 金屬加工處理, 其他"
1618,合機,"線材, 光通訊設備(如光纖電纜、光傳輸設備), 其他, 電纜, 高/低壓輸電設施"
1626,艾美特-KY,其他
1702,南僑,"原物料, 加工食品, 餐飲連鎖"
1707,葡萄王,"加工製成品, 保健食品代理銷售及通路"
1708,東鹼,其他
1709,和益,界面活性劑
1710,東聯,"石化原料(例如純對苯二甲酸、乙二醇、己內醯胺、丙烯腈等), 其他"
1711,永光,"化學品, 其他電腦及週邊設備之零組件, 化學品(如光阻劑、靶材等), 顏染料, 接著劑(合成樹脂), 中藥材、西藥原料藥, 橡塑膠添加劑, 材料"
1712,興農,"塑膠製品, 農藥"
1713,國化,化學助劑
1714,和桐,界面活性劑
1717,長興,"化學品, 化學品(如光阻劑、靶材等), 擴散膜、增亮膜、導光板, 膠材, 環氧樹脂, 酚醛樹脂, 聚亞醯胺樹脂, 接著劑(合成樹脂), 銅箔基板, 工業用合成樹脂, 材料"
1718,中纖,其他
1720,生達,"中、西藥製劑, 保健食品代理銷售及通路"
1721,三晃,"接著劑(合成樹脂), 工業用合成樹脂, 橡塑膠添加劑"
1722,台肥,其他
1723,中碳,"石化上游原料及相關鑽探設備, 鋰電池材料, 原材料"
1725,元禎,"PTA(對苯二甲酸)觸媒, 界面活性劑, 工業用合成樹脂, 橡塑膠添加劑"
1726,永記,其他
1727,中華化,"化學品, 化學助劑, PTA(對苯二甲酸)觸媒, 界面活性劑, 工業用合成樹脂"
1730,花仙子,"塑膠製品, 清潔用品, 貿易商、代理商、經銷商"
1731,美吾華,"清潔用品, 藥品代理銷售及通路, 保健食品代理銷售及通路"
1732,毛寶,清潔用品
1733,五鼎,"體溫計、血壓計, 醫療耗材"
1734,杏輝,中、西藥製劑
1735,日勝化,"塑膠製品, 接著劑(合成樹脂), 工業用合成樹脂"
1736,喬山,"其他, 健身器材"
1737,臺鹽,"原物料, 營養食品, 化妝品"
1742,台蠟,"化學品, 貿易商、代理商、經銷商"
1752,南光,中、西藥製劑
1760,寶齡富錦,"化妝品, 中、西藥製劑, 藥品代理銷售及通路, 加工製成品, 保健食品代理銷售及通路, 醫療耗材, 生物檢測"
1762,中化生,中藥材、西藥原料藥
1773,勝一,"化學品(如光阻劑、靶材等), 接著劑(合成樹脂)"
1776,展宇,"塑膠製品, 接著劑(合成樹脂), 工業用合成樹脂"
1777,生泰,中藥材、西藥原料藥
1781,合世,體溫計、血壓計
1783,和康生,醫療耗材
1784,訊聯,"幹細胞收集儲存, 幹細胞開發, 臨床實驗、移植技術、疾病治療"
1785,光洋科,"化學品, 硬碟機, 化學品(如光阻劑、靶材等), ITO靶材, 濾波器、振盪器材料(鉭酸鋰／鈮酸鋰晶圓／片、石英基板、金屬及陶瓷封裝材料), 生產製程及檢測設備, 環保潔能服務產業, 其他, 材料"
1786,科妍,"原材料, 中、西藥製劑, 醫療耗材"
1788,杏昌,"藥品代理銷售及通路, 保健食品代理銷售及通路, 醫療器材代理"
1789,神隆,中藥材、西藥原料藥
1795,美時,"中、西藥製劑, 加工製成品, 保健食品代理銷售及通路"
1796,金穎生技,"原料, 加工製成品, 保健食品代理銷售及通路"
1799,易威,"中、西藥製劑, 體溫計、血壓計"
1802,台玻,"玻璃纖維/玻纖布, 建材原料"
1805,寶徠,建設業
1806,冠軍,建材原料
1808,潤隆,建設業
1809,中釉,"建材原料, 個人、民間企業、政府機構, 封裝/模組"
1810,和成,建材原料
1813,寶利徠,隱型眼鏡、光學鏡片
1815,富喬,玻璃纖維/玻纖布
1817,凱撒衛,"建材原料, 貿易商、代理商、經銷商"
1903,士紙,工業用紙
1904,正隆,"紙漿、紙類原料, 紙器及紙類製造印刷、加工, 銷售、進出口業務, 文化用紙, 工業用紙, 家庭用紙"
1905,華紙,"紙漿、紙類原料, 銷售、進出口業務, 文化用紙"
1906,寶隆,銷售、進出口業務
1907,永豐餘,"紙器及紙類製造印刷、加工, 銷售、進出口業務, 文化印刷業, 文化用紙, 工業用紙, 家庭用紙"
1909,榮成,紙漿、紙類原料
2002,中鋼,"鋼胚, 冷熱軋鋼板捲, 線材盤元, 棒鋼盤元(捲狀條鋼)"
2006,東和鋼鐵,"鋼胚, 鋼筋"
2007,燁興,"鋼筋, 線材盤元, 棒鋼盤元(捲狀條鋼)"
2008,高興昌,"冷熱軋鋼板捲, 製管"
2009,第一銅,冷熱軋鋼板捲
2010,春源,"冷熱軋鋼板捲, 棒鋼盤元(捲狀條鋼), 冷熱軋不鏽鋼板捲, 不鏽鋼棒線, 裁剪加工, 金屬製品, 模具, 建築工程, 結構工程"
2012,春雨,"線材盤元, 金屬製品, 機械設備(如產業機械、精密機械、工具機), 模具, 螺絲螺帽, 鋼線鋼纜, 其他配件"
2013,中鋼構,"金屬製品, 鋼材"
2014,中鴻,"冷熱軋鋼板捲, 製管"
2015,豐興,"鋼胚, 鋼筋, 棒鋼盤元(捲狀條鋼), 金屬製品"
2017,官田鋼,"鋼筋, 線材盤元, 金屬製品, 螺絲螺帽, 鋼線鋼纜"
2020,美亞,"製管, 建材原料, 建設業"
2022,聚亨,"線材盤元, 螺絲螺帽"
2023,燁輝,冷熱軋鋼板捲
2024,志聯,鋼線鋼纜
2025,千興,冷熱軋不鏽鋼板捲
2027,大成鋼,製管
2028,威致,"鋼胚, 鋼筋, 線材盤元, 棒鋼盤元(捲狀條鋼)"
2029,盛餘,"冷熱軋鋼板捲, 建築工程"
2030,彰源,製管
2031,新光鋼,"裁剪加工, 基礎工程, 結構工程, 太陽能發電設備/系統及系統工程, 鋼材, 塔架, 其他配件"
2032,新鋼,裁剪加工
2033,佳大,鋼線鋼纜
2034,允強,"冷熱軋不鏽鋼板捲, 不鏽鋼型鋼, 裁剪加工, 製管"
2035,唐榮,不鏽鋼胚
2038,海光,鋼筋
2049,上銀,"傳動元件, 工業型機器人"
2059,川湖,"其他電腦及週邊設備之零組件, 其他電子產品及電子服務產業"
2061,風青,其他
2062,橋椿,其他
2063,世鎧,"不鏽鋼棒線, 螺絲螺帽"
2064,晉椿,"線材盤元, 棒鋼盤元(捲狀條鋼), 不鏽鋼棒線"
2065,世豐,螺絲螺帽
2066,世德,"五金元件及零配件, 機械設備之沖壓零組件, 車用機械傳動設備及零配件, 大功率鋰電池芯/模組、電池管理系統、動力馬達等零組件"
2067,嘉鋼,"鋼鑄鐵元件, 金屬加工處理"
2069,運錩,"冷熱軋不鏽鋼板捲, 裁剪加工"
2070,精湛,專用機械(如紡織成衣生產用機械、食品飲料生產用機械、農林用機械等)
2073,雄順,"冷熱軋鋼板捲, 鋼筋, 線材盤元, 棒鋼盤元(捲狀條鋼)"
2101,南港,輪胎
2102,泰豐,"橡膠製品, 其他, 輪胎"
2103,台橡,橡膠製品
2104,國際中橡,橡塑膠添加劑
2105,正新,橡膠製品
2106,建大,"橡膠製品, 其他, 輪胎, 運動用品, 大功率鋰電池芯/模組、電池管理系統、動力馬達等零組件"
2107,厚生,橡膠製品
2108,南帝,橡膠製品
2109,華豐,橡膠製品
2114,鑫永銓,橡膠製品
2115,六暉-KY,橡膠製品
2201,裕隆,整車組裝、修理及技術服務
2204,中華,"整車組裝、修理及技術服務, 銷售、進出口業務"
2206,三陽工業,"整車組裝、修理及技術服務, 銷售、進出口業務"
2207,和泰車,"銷售、進出口業務, 大功率鋰電池芯/模組、電池管理系統、動力馬達等零組件, 電動汽車、電動機車、電動自行車"
2208,台船,"其他, 風場營造"
2211,長榮鋼,金屬製品
2221,大甲,金屬製品
2227,裕日車,"整車組裝、修理及技術服務, 銷售、進出口業務"
2228,劍麟,其他
2230,泰茂,"車用機械傳動設備及零配件, 貿易商、代理商、經銷商"
2231,為升,整車組裝、修理及技術服務
2233,宇隆,"傳動元件, 五金元件及零配件, 輸送機械及零配件, 車用機械傳動設備及零配件, 金屬加工處理"
2235,謚源,"車用機械傳動設備及零配件, 其他"
2239,英利-KY,"保險桿, 其他"
2241,艾姆勒,"汽車零配件生產, 整車組裝、修理及技術服務, 銷售、進出口業務, 車燈, 輪胎, 鈑金, 鋁合金鋼圈, 引擎蓋, 保險桿, 其他"
2247,汎德永業,銷售、進出口業務
2254,巨鎧精密-創,"車用機械傳動設備及零配件, 車燈"
2301,光寶科,"銷售、進出口業務, 機殼, 電源供應器, 伺服器, 其他電腦及週邊設備, 安全監控系統, 網路設備(如數據機、網路卡、閘道器、路由器、網路電話), 無線通訊設備(如行動電話、衛星定位系統、衛星通訊設備、微波通訊設備、數位機上盒), 其他電子產品及電子服務產業, 車燈, 其他, 電力設備, 冷卻設備, 雲端應用服務, 系統整合, 顧問諮詢, 設備安裝服務, IaaS, PaaS, SaaS, 環境感知, 深度感測, 視覺, 手勢/動作, 封裝/模組, 燈具/應用, 大功率鋰電池芯/模組、電池管理系統、動力馬達等零組件, 配電管理設施, 醫療耗材, 生物檢測"
2302,麗正,其他IC/二極體製造
2303,聯電,晶圓製造
2305,全友,印表機、傳真機、掃瞄器、多功能事務機、投影機
2308,台達電,"休閒車業, 生產製程及檢測設備, IC模組, IC通路, 電源供應器, 散熱片、風扇馬達、散熱模組, 筆記型電腦, 桌上型電腦, 精簡型電腦, 安全監控系統, 其他零組件, 網路設備(如數據機、網路卡、閘道器、路由器、網路電話), 光通訊設備(如光纖電纜、光傳輸設備), 無線通訊設備(如行動電話、衛星定位系統、衛星通訊設備、微波通訊設備、數位機上盒), 電阻器, 電容器, 電感器, 傳動元件, 電控元件, 專用機械(如紡織成衣生產用機械、食品飲料生產用機械、農林用機械等), 輸送機械及零配件, 應用/系統軟體設計開發, 機電工程, 特殊照明業, 其他, 系統整合, 顧問諮詢, 領域解決方案, 智慧設備, 機器學習, 電腦視覺, 運算設備, 電力設備, 冷卻設備, 設備管理軟體, 設備安裝服務, 運算元件與設備, LED驅動IC, 消費性IC, 微控制器IC, 電源管理IC, 天線/射頻基頻, 伺服器, SaaS, 電池模組, 燈具/應用, 鋰電池材料, 大功率鋰電池芯/模組、電池管理系統、動力馬達等零組件, 電動汽車、電動機車、電動自行車, 太陽能發電設備/系統及系統工程, 太陽能電廠, 監控系統, 電力系統, 電池芯, 高/低壓輸電設施, 配電管理設施, 能源管理服務, 系統整合服務, 塑化材料, 生物檢測, 醫療器材代理"
2312,金寶,"主機板, 硬碟機, 印表機、傳真機、掃瞄器、多功能事務機、投影機, 無線通訊設備(如行動電話、衛星定位系統、衛星通訊設備、微波通訊設備、數位機上盒), 其他電子產品及電子服務產業"
2313,華通,"硬板、軟板、IC載板製造, 基板組裝加工及相關製造"
2314,台揚,"無線通訊設備(如行動電話、衛星定位系統、衛星通訊設備、微波通訊設備、數位機上盒), 天線/射頻基頻"
2316,楠梓電,"硬板、軟板、IC載板製造, 基板組裝加工及相關製造"
2317,鴻海,"主機板, 機殼, 筆記型電腦, 桌上型電腦, 伺服器, 其他電腦及週邊設備, 光學鏡片、鏡頭, 金屬、塑膠模具, 印表機、傳真機、掃瞄器、多功能事務機、投影機, 安全監控系統, 網路設備(如數據機、網路卡、閘道器、路由器、網路電話), 無線通訊設備(如行動電話、衛星定位系統、衛星通訊設備、微波通訊設備、數位機上盒), 連接器設計、組裝及製造, 大功率鋰電池芯/模組、電池管理系統、動力馬達等零組件"
2321,東訊,"光通訊設備(如光纖電纜、光傳輸設備), 無線通訊設備(如行動電話、衛星定位系統、衛星通訊設備、微波通訊設備、數位機上盒), 有線通訊設備(如電話機、傳真機)"
2323,中環,"其他電腦及週邊設備, 光碟片"
2324,仁寶,"筆記型電腦, 工業電腦, 伺服器, 其他電腦及週邊設備, 電視, 網路設備(如數據機、網路卡、閘道器、路由器、網路電話), 無線通訊設備(如行動電話、衛星定位系統、衛星通訊設備、微波通訊設備、數位機上盒), 穿戴式裝置, 健身平台/APP"
2327,國巨*,"電阻器, 電容器, 電感器, 濾波器、振盪器"
2328,廣宇,"連接線, 其他電腦及週邊設備之零組件, 硬板、軟板、IC載板製造, 基板組裝加工及相關製造, 銅箔基板"
2329,華泰,IC封裝測試
2330,台積電,晶圓製造
2331,精英,"主機板, 筆記型電腦, 桌上型電腦, 其他電腦及週邊設備"
2332,友訊,網路設備(如數據機、網路卡、閘道器、路由器、網路電話)
2337,旺宏,"IC封裝測試, 記憶體IC, 晶圓製造"
2338,光罩,光罩
2340,台亞,"IC封裝測試, ITO導電基板, 擴散膜、增亮膜、導光板, 車燈, 其他, 感測裝置, 晶圓製造, 其他IC/二極體製造, 環境感知, 深度感測, SLAM, 使用者感知, 視覺, 手勢/動作, 光源/磊晶"
2342,茂矽,其他IC/二極體製造
2344,華邦電,"記憶體, 記憶體IC, 晶圓製造, DRAM製造"
2345,智邦,網路設備(如數據機、網路卡、閘道器、路由器、網路電話)
2347,聯強,IC通路
2348,海悅,其他
2349,錸德,光碟片
2351,順德,"導線架, 塑膠製品, 金屬製品, 模具"
2352,佳世達,"工業電腦, 伺服器, 其他電腦及週邊設備, 印表機、傳真機、掃瞄器、多功能事務機、投影機, 安全監控系統, 其他電腦及週邊設備之零組件, 其他零組件, 監視器/顯示器, 網路設備(如數據機、網路卡、閘道器、路由器、網路電話), 光通訊設備(如光纖電纜、光傳輸設備), 無線通訊設備(如行動電話、衛星定位系統、衛星通訊設備、微波通訊設備、數位機上盒), 連接器設計、組裝及製造, 手工具機, 機電系統工程, 系統整合服務, 資訊系統建置服務, 資料分析處理服務, 資訊聚合, 領域解決方案, 系統整合, 網路基礎設施, 資安營運管理服務, 應用軟體, 雲端平台, 醫療器材代理銷售及通路, 天線/射頻基頻, 網路, 鋰電池材料, 原材料, 能源管理服務, 醫療耗材, 顯示器, 醫療器材代理, 醫療院所、醫療器材專賣店、藥局等通路"
2353,宏碁,"筆記型電腦, 桌上型電腦, 伺服器, 其他電腦及週邊設備, 印表機、傳真機、掃瞄器、多功能事務機、投影機"
2354,鴻準,"機殼, 散熱片、風扇馬達、散熱模組, 金屬、塑膠模具, 其他電子產品及電子服務產業"
2355,敬鵬,硬板、軟板、IC載板製造
2356,英業達,筆記型電腦
2357,華碩,"主機板, 網路卡, 輸出入模組/介面卡, 顯示卡, 硬碟機, 光碟機, 磁碟儲存系統, BIOS(嵌入式軟體), 筆記型電腦, 桌上型電腦, 精簡型電腦, 伺服器, 其他電腦及週邊設備, 隨身碟、記憶卡讀卡機, 網路設備(如數據機、網路卡、閘道器、路由器、網路電話), 無線通訊設備(如行動電話、衛星定位系統、衛星通訊設備、微波通訊設備、數位機上盒), 智慧設備, 移動控制, 穿戴式裝置"
2359,所羅門,其他電子產品及電子服務產業
2360,致茂,"生產製程及檢測設備, 電源供應器, 系統整合服務, 其他電子產品及電子服務產業, 生產製程、檢測設備及原物料, 大功率鋰電池芯/模組、電池管理系統、動力馬達等零組件, 電池芯, 電池模組, 高/低壓輸電設施, 配電管理設施"
2362,藍天,筆記型電腦
2363,矽統,IC設計
2364,倫飛,"筆記型電腦, 工業電腦, 精簡型電腦, 其他電腦及週邊設備"
2365,昆盈,其他電腦及週邊設備
2367,燿華,硬板、軟板、IC載板製造
2368,金像電,硬板、軟板、IC載板製造
2369,菱生,IC封裝測試
2371,大同,"筆記型電腦, 桌上型電腦, 伺服器, 其他電腦及週邊設備, 印表機、傳真機、掃瞄器、多功能事務機、投影機, 安全監控系統, 其他電腦及週邊設備之零組件, 塑膠框, 擴散膜、增亮膜、導光板, 背光模組, 面板, 顯示器模組, 監視器/顯示器, 電視, 網路設備(如數據機、網路卡、閘道器、路由器、網路電話), 有線通訊設備(如電話機、傳真機), 電阻器, 鋼鑄鐵元件, 機械設備之沖壓零組件, 冷凍空調設備及零件, 機電系統工程, 應用/系統軟體設計開發, 系統整合服務, 資料處理服務, 通路經銷, 機電工程, 物業管理, 製造商, 貿易商、代理商、經銷商, 零售通路, 其他電子產品及電子服務產業, 晶圓製造, 藍寶石晶圓/晶片, 封裝/模組, 鋰電池材料, 大功率鋰電池芯/模組、電池管理系統、動力馬達等零組件, 矽晶圓/矽晶片, 太陽能發電設備/系統及系統工程, 高壓AMI, 低壓AMI, 能源管理服務, 醫療器材代理"
2373,震旦行,其他電子產品及電子服務產業
2374,佳能,光學鏡片、鏡頭
2375,凱美,電容器
2376,技嘉,"顯示器模組, 主機板, 機殼, 電源供應器, 散熱片、風扇馬達、散熱模組, 顯示卡, 筆記型電腦, 桌上型電腦, 工業電腦, 精簡型電腦, 伺服器, 其他電腦及週邊設備, 大功率鋰電池芯/模組、電池管理系統、動力馬達等零組件"
2377,微星,"主機板, 輸出入模組/介面卡, 顯示卡, 筆記型電腦, 桌上型電腦, 工業電腦, 伺服器, 其他電腦及週邊設備"
2379,瑞昱,網路通訊IC
2380,虹光,印表機、傳真機、掃瞄器、多功能事務機、投影機
2382,廣達,"筆記型電腦, 其他電腦及週邊設備之零組件, 電腦設備, 穿戴式裝置, 伺服器, 儲存, 網路"
2383,台光電,銅箔基板
2385,群光,"電源供應器, 其他電腦及週邊設備之零組件"
2387,精元,其他電腦及週邊設備之零組件
2388,威盛,"中央處理器, 晶片組, 主機板, 領域解決方案, 機器學習, 電腦視覺"
2390,云辰,"其他電子產品及電子服務產業, 電腦設備, 電力設備, 冷卻設備, 設備管理軟體, 營運管理軟體, 虛擬化軟體, 雲端作業系統, 資安防護軟體, 雲端應用服務, 系統整合, 顧問諮詢, 設備安裝服務, 領域解決方案, 資料庫, 分析工具, 應用軟體, 運算元件與設備, 雲端平台, 儲存處理, 伺服器, 儲存, 網路, IaaS, PaaS, SaaS, 燈具/應用"
2392,正崴,"連接線, 其他電腦及週邊設備之零組件, 其他零組件, 線材, 連接器設計、組裝及製造, 穿戴式裝置, ODM/OEM, 大功率鋰電池芯/模組、電池管理系統、動力馬達等零組件"
2393,億光,"背光源(發光二極體、冷陰極管), 顯示器模組, 封裝/模組, 燈具/應用"
2395,研華,"工業電腦, 雲端應用服務, 軟體開發, IaaS, PaaS, SaaS, 系統整合服務"
2397,友通,"工業電腦, 其他電腦及週邊設備, 網路設備(如數據機、網路卡、閘道器、路由器、網路電話), 手工具機, 機電系統工程, 網路基礎設施"
2399,映泰,"主機板, 元件裝置"
2401,凌陽,"IP設計/IC設計代工服務, 消費性IC, 磁碟儲存控制器IC, 輸出入介面IC, 光儲存控制IC, 影像感測IC, 大功率鋰電池芯/模組、電池管理系統、動力馬達等零組件"
2402,毅嘉,硬板、軟板、IC載板製造
2404,漢唐,其他電子產品及電子服務產業
2405,輔信,"桌上型電腦, 工業電腦, 其他電腦及週邊設備"
2406,國碩,"太陽能發電設備/系統及系統工程, 太陽能電廠"
2408,南亞科,"記憶體, 記憶體IC, 晶圓製造, DRAM製造"
2409,友達,"面板, 矽晶圓/矽晶片"
2412,中華電,"電信服務業, 能源管理服務, 系統整合服務"
2413,環科,"電源供應器, 光通訊設備(如光纖電纜、光傳輸設備), 電容器"
2414,精技,其他電子產品及電子服務產業
2415,錩新,"金屬製品, 其他電子產品及電子服務產業"
2417,圓剛,"顯示卡, 其他電腦及週邊設備, 多功能視訊卡, 安全監控系統, 其他電腦及週邊設備之零組件"
2419,仲琦,網路設備(如數據機、網路卡、閘道器、路由器、網路電話)
2420,新巨,"電源供應器, 其他電腦及週邊設備, 其他電腦及週邊設備之零組件"
2421,建準,"散熱片、風扇馬達、散熱模組, 車用機械傳動設備及零配件, 冷卻設備, 散熱元件/模組, 大功率鋰電池芯/模組、電池管理系統、動力馬達等零組件"
2423,固緯,其他電子產品及電子服務產業
2424,隴華,"安全監控系統, 無線通訊設備(如行動電話、衛星定位系統、衛星通訊設備、微波通訊設備、數位機上盒), 建設業"
2425,承啟,"主機板, 顯示卡, 伺服器, 其他電腦及週邊設備"
2426,鼎元,"精簡型電腦, 生產製程、檢測設備及原物料, 燈具/應用"
2427,三商電,"金融提款機(ATM), 自動售票機, 應用/系統軟體設計開發, 系統整合服務, 資料處理服務, 通路經銷"
2428,興勤,電阻器
2429,銘旺科,"其他零組件, 觸控面板"
2430,燦坤,"筆記型電腦, 桌上型電腦, 精簡型電腦, 伺服器, 其他電腦及週邊設備, 印表機、傳真機、掃瞄器、多功能事務機、投影機, 零售通路"
2431,聯昌,電源供應器
2433,互盛電,其他電子產品及電子服務產業
2434,統懋,"晶圓製造, 其他IC/二極體製造, 矽晶圓/矽晶片"
2436,偉詮電,"消費性IC, 微控制器IC, 電源管理IC"
2438,翔耀,"光罩, 燈具/應用"
2439,美律,"其他電腦及週邊設備之零組件, 無線通訊設備(如行動電話、衛星定位系統、衛星通訊設備、微波通訊設備、數位機上盒), 電池模組"
2440,太空梭,連接線
2441,超豐,IC封裝測試
2442,新美齊,建設業
2444,兆勁,其他電腦及週邊設備之零組件
2449,京元電子,IC封裝測試
2450,神腦,無線通訊設備(如行動電話、衛星定位系統、衛星通訊設備、微波通訊設備、數位機上盒)
2451,創見,"IC模組, 記憶體, 隨身碟、記憶卡讀卡機"
2453,凌群,"應用/系統軟體設計開發, 系統整合服務, 資料處理服務, 通路經銷, 通訊, 影像遙測, 導航定位, 交易平台, 商業應用, 錢包/資產管理, BaaS, 系統整合, 領域方案, 底層平台, 開發工具, 監控管理, 創投, 顧問諮詢, 媒體推廣, 資安審計, 保險, 支付, 數位銀行, 監理法遵, 理財投資, 加密資產, 數據分析, 資料聚合, 數位身分, 領域解決方案, 設備安裝服務, 資安顧問服務, 資料庫, 分析工具, 應用軟體, 儲存處理"
2454,聯發科,"消費性IC, 電源管理IC, 網路通訊IC, 平面顯示器控制IC, 光儲存控制IC"
2455,全新,晶圓製造
2457,飛宏,"電源供應器, 大功率鋰電池芯/模組、電池管理系統、動力馬達等零組件"
2458,義隆,"其他電腦及週邊設備之零組件, 控制IC, 消費性IC, 微控制器IC"
2459,敦吉,"基板, IC通路, 面板, 散熱片、風扇馬達、散熱模組, 光學鏡片、鏡頭, 連接線, 金屬、塑膠模具, 其他電腦及週邊設備之零組件, 驅動IC, 其他零組件, 控制IC, 觸控面板, 網路IC, 主/被動元件, 塑膠/金屬機殼, 線材, 電感器材料(如鐵氧體、導電漿墨), 濾波器、振盪器, 連接器設計、組裝及製造, 電控元件, 機械設備之沖壓零組件, 輸送機械及零配件, 冷凍空調設備及零件, 其他電子產品及電子服務產業, 特殊照明業, 農業科技業, 車燈, 其他, 電力設備, 裝置/器材顯示器, 裝置/器材零組件, 感測裝置, 光學元件/模組, 微型顯示器/光機引擎(Light Engine), 生產製程、檢測設備及原物料, 大功率鋰電池芯/模組、電池管理系統、動力馬達等零組件, 電池模組, 高/低壓輸電設施, 配電管理設施, 塑化材料"
2460,建通,連接器設計、組裝及製造
2461,光群雷,其他
2462,良得電,連接器設計、組裝及製造
2464,盟立,"其他電腦及週邊設備, 輸送機械及零配件, 機電系統工程"
2465,麗臺,"顯示卡, 精簡型電腦, 營運發行, 生物檢測"
2466,冠西電,"主/被動元件, 環保潔能服務產業, 其他"
2467,志聖,生產製程及檢測設備
2468,華經,"應用/系統軟體設計開發, 系統整合服務, 資料處理服務, 通路經銷"
2471,資通,"應用/系統軟體設計開發, 系統整合服務, 監理法遵, 系統整合, 資料安全, 端點安全防護, 資料庫"
2472,立隆電,電容器
2474,可成,機殼
2476,鉅祥,"其他零組件, 主/被動元件, 塑膠/金屬機殼, 金屬材料, 電鍍材料, 塑膠材料, 塑化材料"
2477,美隆電,其他電子產品及電子服務產業
2478,大毅,"其他電腦及週邊設備之零組件, 其他零組件, 主/被動元件, 電阻器"
2480,敦陽科,"應用/系統軟體設計開發, 系統整合服務, 交易平台, 商業應用, 數據分析, 資料聚合, 數位身分, 系統整合, 顧問諮詢, 運算設備, 雲端平台, 資料處理, 電腦設備, 設備管理軟體, 營運管理軟體, 虛擬化軟體, 雲端作業系統, 資安防護軟體, 雲端應用服務, 設備安裝服務, 安全營運與事件回應, 資安治理, 資料安全, 網頁內容安全, 雲端安全, 網路基礎設施, 網路安全防護, 物聯網安全, 端點安全防護, 身分認證與訪問管理, 行動安全, 資安防護能力分析與鑑識服務, 資安顧問服務, 資料庫, 分析工具, 應用軟體, 運算元件與設備, 儲存處理, 伺服器, 儲存, 網路, IaaS, PaaS, SaaS"
2481,強茂,其他IC/二極體製造
2482,連宇,其他電子產品及電子服務產業
2483,百容,"導線架, 主機板, 電源供應器, 筆記型電腦, 工業電腦, 精簡型電腦, 其他電腦及週邊設備, 光學鏡片、鏡頭, 連接線, 金屬、塑膠模具, 印表機、傳真機、掃瞄器、多功能事務機、投影機, 安全監控系統, 其他電腦及週邊設備之零組件, 其他零組件, 網路設備(如數據機、網路卡、閘道器、路由器、網路電話), 光通訊設備(如光纖電纜、光傳輸設備), 無線通訊設備(如行動電話、衛星定位系統、衛星通訊設備、微波通訊設備、數位機上盒), 有線通訊設備(如電話機、傳真機), 連接器設計、組裝及製造, 鋼鑄鐵元件, 電控元件, 燈具/應用, 大功率鋰電池芯/模組、電池管理系統、動力馬達等零組件, 體溫計、血壓計"
2484,希華,濾波器、振盪器
2485,兆赫,"顯示器模組, 網路設備(如數據機、網路卡、閘道器、路由器、網路電話), 光通訊設備(如光纖電纜、光傳輸設備), 無線通訊設備(如行動電話、衛星定位系統、衛星通訊設備、微波通訊設備、數位機上盒)"
2486,一詮,"導線架, 背光源(發光二極體、冷陰極管)"
2488,漢平,其他電子產品及電子服務產業
2489,瑞軒,"監視器/顯示器, 電視"
2491,吉祥全,"光碟片, 藍寶石晶圓/晶片, 生產製程、檢測設備及原物料, 光源/磊晶, 封裝/模組, 燈具/應用"
2492,華新科,"電容器材料(如電蝕／化成鋁箔、介面瓷粉), 電阻器, 電容器, 電感器, 濾波器、振盪器"
2493,揚博,"化學品, 生產製程及檢測設備"
2495,普安,"磁碟儲存系統, 安全監控系統, 系統整合, 運算設備, 雲端平台, 運算元件與設備, 儲存處理, 伺服器, 儲存, IaaS, SaaS"
2496,卓越,其他
2497,怡利電,"其他電子產品及電子服務產業, 其他"
2498,宏達電,"無線通訊設備(如行動電話、衛星定位系統、衛星通訊設備、微波通訊設備、數位機上盒), 廣播電視/電影產業, 數位內容產業, 流行音樂及文化內容產業, 商業應用, 開發工具, 領域解決方案, 機器學習, 雲端平台, 資料處理, 頭顯裝置品牌廠, 硬體開發工具, 軟體開發工具, 技術標準/聯盟, 應用軟體/內容, 穿戴式裝置, 數位內容, VR Headset, AR Smart Glasses, MR Headset & SG, Qualcomm XR Platform, 工作流程創建, 內容管理與創建, 3D工具, 培訓, 會議, 工作流程引導, 地圖, 遊戲, 其他"
2501,國建,建設業
2504,國產,"預拌混凝土, 建材原料"
2505,國揚,建設業
2506,太設,建設業
2509,全坤建,建設業
2511,太子,"營造業, 建設業, 工程承攬, 物業管理"
2514,龍邦,"建設業, 其他"
2515,中工,"營造業, 建設業"
2516,新建,營造業
2520,冠德,建設業
2524,京城,建設業
2527,宏璟,"建設業, 工程承攬"
2528,皇普,建設業
2530,華建,建設業
2534,宏盛,建設業
2535,達欣工,"營造業, 建設業, 工程承攬"
2536,宏普,建設業
2537,聯上發,建設業
2538,基泰,建設業
2539,櫻花建,建設業
2540,愛山林,其他
2542,興富發,建設業
2543,皇昌,營造業
2545,皇翔,建設業
2546,根基,營造業
2547,日勝生,建設業
2548,華固,建設業
2596,綠意,建設業
2597,潤弘,"建材原料, 基礎工程, 結構工程, 機電工程, 工程設計, 營造業, 裝潢業"
2601,益航,"散裝航運, 零售通路"
2603,長榮,貨櫃航運
2605,新興,散裝航運
2606,裕民,散裝航運
2607,榮運,"貨櫃航運, 海陸空貨運承攬, 貨櫃運輸集散及倉儲, 海陸空大眾運輸"
2608,嘉里大榮,海陸空貨運承攬
2609,陽明,貨櫃航運
2610,華航,海陸空大眾運輸
2611,志信,貨櫃運輸集散及倉儲
2612,中航,"散裝航運, 海陸空貨運承攬, 貨櫃運輸集散及倉儲, 海陸空大眾運輸"
2613,中櫃,貨櫃運輸集散及倉儲
2614,東森,"散裝航運, 零售通路"
2615,萬海,貨櫃航運
2616,山隆,"貨櫃運輸集散及倉儲, 加油站"
2617,台航,散裝航運
2618,長榮航,海陸空大眾運輸
2630,亞航,貨櫃運輸集散及倉儲
2633,台灣高鐵,海陸空大眾運輸
2634,漢翔,其他
2636,台驊控股,海陸空貨運承攬
2637,慧洋-KY,散裝航運
2640,大車隊,交易撮(媒)合
2641,正德,散裝航運
2642,宅配通,海陸空貨運承攬
2643,捷迅,海陸空貨運承攬
2645,長榮航太,海陸空大眾運輸
2646,星宇航空,海陸空大眾運輸
2701,萬企,娛樂服務業
2702,華園,旅館服務業
2704,國賓,旅館服務業
2705,六福,"娛樂服務業, 旅館服務業"
2706,第一店,旅館服務業
2707,晶華,旅館服務業
2712,遠雄來,旅館服務業
2718,全心投控,建設業
2719,燦星旅,旅遊服務業
2722,夏都,旅館服務業
2723,美食-KY,餐飲連鎖
2724,藝舍-KY,其他
2726,雅茗-KY,餐飲連鎖
2727,王品,餐飲連鎖
2729,瓦城,餐飲連鎖
2731,雄獅,旅遊服務業
2732,六角,餐飲連鎖
2734,易飛網,旅遊服務業
2736,富野,旅館服務業
2739,寒舍,旅館服務業
2743,山富,旅遊服務業
2745,五福,旅遊服務業
2748,雲品,旅館服務業
2751,王座,餐飲連鎖
2752,豆府,餐飲連鎖
2753,八方雲集,"加工食品, 餐飲連鎖"
2754,亞洲藏壽司,餐飲連鎖
2755,揚秦,餐飲連鎖
2756,聯發國際,餐飲連鎖
2801,彰銀,金控業/銀行業/保險業
2809,京城銀,金控業/銀行業/保險業
2812,台中銀,"金控業/銀行業/保險業, 證券業, 租賃業"
2816,旺旺保,金控業/銀行業/保險業
2820,華票,金控業/銀行業/保險業
2832,台產,金控業/銀行業/保險業
2834,臺企銀,"金控業/銀行業/保險業, 證券業, 租賃業"
2836,高雄銀,金控業/銀行業/保險業
2838,聯邦銀,"金控業/銀行業/保險業, 證券業"
2845,遠東銀,金控業/銀行業/保險業
2849,安泰銀,金控業/銀行業/保險業
2850,新產,金控業/銀行業/保險業
2851,中再保,金控業/銀行業/保險業
2852,第一保,金控業/銀行業/保險業
2855,統一證,證券業
2867,三商壽,"金控業/銀行業/保險業, 保險"
2880,華南金,金控業/銀行業/保險業
2881,富邦金,金控業/銀行業/保險業
2882,國泰金,金控業/銀行業/保險業
2883,凱基金,金控業/銀行業/保險業
2884,玉山金,金控業/銀行業/保險業
2885,元大金,金控業/銀行業/保險業
2886,兆豐金,金控業/銀行業/保險業
2887,台新新光金,金控業/銀行業/保險業
2888,新光金,金控業/銀行業/保險業
2889,國票金,金控業/銀行業/保險業
2890,永豐金,金控業/銀行業/保險業
2891,中信金,金控業/銀行業/保險業
2892,第一金,金控業/銀行業/保險業
2897,王道銀行,金控業/銀行業/保險業
2901,欣欣,零售通路
2903,遠百,零售通路
2904,匯僑,其他
2905,三商,零售通路
2906,高林,貿易商、代理商、經銷商
2908,特力,貿易商、代理商、經銷商
2910,統領,"建設業, 零售通路"
2911,麗嬰房,零售通路
2912,統一超,零售通路
2913,農林,"原物料, 加工食品, 冷凍、罐頭、脫水、醃漬食品, 貿易商、代理商、經銷商, 零售通路, 其他"
2915,潤泰全,"貿易商、代理商、經銷商, 零售通路"
2916,滿心,"製造商, 貿易商、代理商、經銷商"
2923,鼎固-KY,"建設業, 物業管理"
2924,宏太-KY,"製造商, 零售通路"
2926,誠品生活,"貿易商、代理商、經銷商, 零售通路, 創意生活產業"
2929,淘帝-KY,"成衣及其它家居紡織類品, 製造商"
2937,集雅社,零售通路
2939,永邑-KY,貿易商、代理商、經銷商
2945,三商家購,零售通路
2947,振宇五金,零售通路
2948,寶陞,貿易商、代理商、經銷商
3002,歐格,"工業電腦, 其他電腦及週邊設備, 安全監控系統, 網路設備(如數據機、網路卡、閘道器、路由器、網路電話), 其他電子產品及電子服務產業"
3003,健和興,"連接器設計、組裝及製造, 其他電子產品及電子服務產業, 其他, 大功率鋰電池芯/模組、電池管理系統、動力馬達等零組件"
3004,豐達科,"運輸工具, 螺絲螺帽"
3005,神基,"機殼, 電源供應器, 筆記型電腦, 工業電腦"
3006,晶豪科,記憶體IC
3008,大立光,光學鏡片、鏡頭
3010,華立,"化學品, IC通路, 其他電腦及週邊設備之零組件, 化學品(如光阻劑、靶材等), 其他零組件, 塑膠材料, 生產製程及檢測設備, 銅箔基板, 鋰電池材料, 矽晶圓/矽晶片, 太陽能發電設備/系統及系統工程, 太陽能電廠, 原材料, 塑化材料"
3011,今皓,"連接線, 線材, 連接器設計、組裝及製造"
3013,晟銘電,機殼
3014,聯陽,"LED驅動IC, 消費性IC, 微控制器IC, 輸出入介面IC"
3015,全漢,"機殼, 電源供應器, 電池, 燈具/應用, 大功率鋰電池芯/模組、電池管理系統、動力馬達等零組件, 電動汽車、電動機車、電動自行車, 電池模組"
3016,嘉晶,晶圓製造
3017,奇鋐,散熱片、風扇馬達、散熱模組
3018,隆銘綠能,"機電系統工程, 機電工程"
3019,亞光,"光學鏡片、鏡頭, 印表機、傳真機、掃瞄器、多功能事務機、投影機"
3021,鴻名,"連接器設計、組裝及製造, 系統整合服務"
3022,威強電,"主機板, 工業電腦, 其他電腦及週邊設備, 其他電腦及週邊設備之零組件"
3023,信邦,"連接線, 其他零組件, 線材, 連接器設計、組裝及製造, 燈具/應用, 大功率鋰電池芯/模組、電池管理系統、動力馬達等零組件, 太陽能發電設備/系統及系統工程, 其他配件"
3024,憶聲,"顯示器模組, 其他電腦及週邊設備之零組件, 監視器/顯示器, 零售通路"
3025,星通,網路設備(如數據機、網路卡、閘道器、路由器、網路電話)
3026,禾伸堂,"IC通路, 電池, 其他電腦及週邊設備之零組件, 主/被動元件, 電容器, 濾波器、振盪器, 封裝/模組, 燈具/應用, 電池模組"
3027,盛達,"網路設備(如數據機、網路卡、閘道器、路由器、網路電話), 光通訊設備(如光纖電纜、光傳輸設備), 無線通訊設備(如行動電話、衛星定位系統、衛星通訊設備、微波通訊設備、數位機上盒)"
3028,增你強,"IC通路, 隨身碟、記憶卡讀卡機"
3029,零壹,"系統整合服務, 通路經銷, 系統整合, 顧問諮詢, 機器學習, 運算設備, 雲端平台, 電腦設備, 設備管理軟體, 虛擬化軟體, 雲端作業系統, 資安防護軟體, 雲端應用服務, 設備安裝服務, 安全營運與事件回應, 資料安全, 網頁內容安全, 雲端安全, 網路基礎設施, 網路安全防護, 物聯網安全, 端點安全防護, 身分認證與訪問管理, 行動安全, 資安防護能力分析與鑑識服務, 資安營運管理服務, 資安顧問服務, 分析工具, 應用軟體, 運算元件與設備, 儲存處理, 伺服器, 儲存, 網路, IaaS, PaaS, SaaS"
3030,德律,生產製程及檢測設備
3031,佰鴻,"背光源(發光二極體、冷陰極管), 封裝/模組, 燈具/應用"
3032,偉訓,"機殼, 電源供應器"
3033,威健,IC通路
3034,聯詠,"消費性IC, 微控制器IC, 電源管理IC, 平面顯示器控制IC, 平面顯示器驅動IC, 影像感測IC"
3035,智原,IP設計/IC設計代工服務
3036,文曄,IC通路
3037,欣興,硬板、軟板、IC載板製造
3038,全台,"面板, 顯示器模組, 觸控面板, 其他電子產品及電子服務產業, 顯示器"
3040,遠見,其他電子產品及電子服務產業
3041,揚智,消費性IC
3042,晶技,濾波器、振盪器
3043,科風,"其他電子產品及電子服務產業, 太陽能電池模組"
3044,健鼎,硬板、軟板、IC載板製造
3045,台灣大,電信服務業
3046,建碁,"其他電腦及週邊設備, 其他電腦及週邊設備之零組件"
3047,訊舟,網路設備(如數據機、網路卡、閘道器、路由器、網路電話)
3048,益登,IC通路
3049,精金,觸控面板
3050,鈺德,"光碟片, 太陽能電廠"
3051,力特,其他零組件
3052,夆典,"建設業, 工程承攬, 封裝/模組"
3054,立萬利,"IC模組, 保健食品代理銷售及通路"
3055,蔚華科,"生產製程及檢測設備, 其他電子產品及電子服務產業"
3056,富華新,建設業
3057,喬鼎,"磁碟儲存系統, 其他電腦及週邊設備, 安全監控系統, 應用/系統軟體設計開發, 系統整合服務, 電腦設備, 設備管理軟體, 營運管理軟體, 虛擬化軟體, 雲端作業系統, 資安防護軟體, 雲端應用服務, 系統整合, 顧問諮詢, 設備安裝服務, 領域解決方案, 資料庫, 分析工具, 應用軟體, 運算元件與設備, 雲端平台, 儲存處理, 伺服器, 儲存, 網路, IaaS, PaaS, SaaS"
3058,立德,"電源供應器, 其他電腦及週邊設備之零組件, 其他零組件, 大功率鋰電池芯/模組、電池管理系統、動力馬達等零組件"
3059,華晶科,光學鏡片、鏡頭
3060,銘異,其他電腦及週邊設備之零組件
3062,建漢,"網路設備(如數據機、網路卡、閘道器、路由器、網路電話), 無線通訊設備(如行動電話、衛星定位系統、衛星通訊設備、微波通訊設備、數位機上盒)"
3064,泰偉,"數位內容產業, 設計開發, 營運發行"
3066,李洲,"封裝/模組, 燈具/應用"
3067,全域,其他電子產品及電子服務產業
3071,協禧,散熱片、風扇馬達、散熱模組
3073,天方能源,"消費性IC, 太陽能發電設備/系統及系統工程, 太陽能電廠"
3078,僑威,電源供應器
3081,聯亞,主/被動元件
3083,網龍,"數位內容產業, 設計開發, 營運發行"
3086,華義,"數位內容產業, 設計開發, 營運發行"
3088,艾訊,"工業電腦, 其他電腦及週邊設備, 資訊收集設備, 工業用設備"
3090,日電貿,"背光源(發光二極體、冷陰極管), 電容器"
3092,鴻碩,連接線
3093,港建*,生產製程及檢測設備
3094,聯傑,網路通訊IC
3095,及成,"機殼, 金屬、塑膠模具, 塑膠/金屬機殼"
3105,穩懋,"晶圓製造, 天線/射頻基頻"
3114,好德,"生產製程及檢測設備, 連接線, 其他電腦及週邊設備之零組件, 連接器設計、組裝及製造, 硬板、軟板、IC載板製造, 生產製程、檢測設備及原物料"
3115,富榮綱,硬板、軟板、IC載板製造
3118,進階,"中、西藥製劑, 加工製成品, 臨床實驗、移植技術、疾病治療, 醫療器材代理"
3122,笙泉,"消費性IC, 微控制器IC, 電源管理IC"
3128,昇銳,"磁碟儲存系統, 安全監控系統, 監視器/顯示器, 其他, 系統整合"
3130,一零四,"應用/系統軟體設計開發, 系統整合服務, 行銷廣告服務, 資訊聚合"
3131,弘塑,生產製程及檢測設備
3138,耀登,其他零組件
3141,晶宏,平面顯示器驅動IC
3147,大綜,"伺服器, 其他電腦及週邊設備之零組件, 系統整合服務, 通路經銷"
3149,正達,"玻璃基板, 建材原料"
3150,鈺寶-創,"IC模組, 消費性IC"
3152,璟德,"主/被動元件, 網路設備(如數據機、網路卡、閘道器、路由器、網路電話), 無線通訊設備(如行動電話、衛星定位系統、衛星通訊設備、微波通訊設備、數位機上盒)"
3162,精確,"休閒車業, 其他電腦及週邊設備, 金屬加工用機械, 其他, 電子零組件、塑膠零件、五金零件, 塑化材料, 金屬零件"
3163,波若威,光通訊設備(如光纖電纜、光傳輸設備)
3164,景岳,保健食品代理銷售及通路
3167,大量,"專用機械(如紡織成衣生產用機械、食品飲料生產用機械、農林用機械等), 機械設備(如產業機械、精密機械、工具機)"
3168,眾福科,顯示器模組
3169,亞信,"網路卡, 網路IC, 網路通訊IC"
3171,炎洲流通,貿易商、代理商、經銷商
3176,基亞,"原材料, 中、西藥製劑, 藥品代理銷售及通路, 生物檢測"
3178,公準,"生產製程及檢測設備, 金屬/燃料"
3188,鑫龍騰,建設業
3189,景碩,基板
3191,雲嘉南,其他電腦及週邊設備之零組件
3202,樺晟,連接線
3205,佰研,"中、西藥製劑, 保健食品代理銷售及通路"
3206,志豐,"其他電腦及週邊設備之零組件, 其他電子產品及電子服務產業"
3207,耀勝,電感器
3209,全科,IC通路
3211,順達,"電池, 大功率鋰電池芯/模組、電池管理系統、動力馬達等零組件, 電池模組"
3213,茂訊,"筆記型電腦, 桌上型電腦, 工業電腦, 精簡型電腦"
3217,優群,"其他電腦及週邊設備之零組件, 連接器設計、組裝及製造"
3218,大學光,"醫療器材代理, 醫療院所、醫療器材專賣店、藥局等通路"
3219,倚強科,"自動化機台, 生產製程及檢測設備, 其他電子產品及電子服務產業"
3221,台嘉碩,"主/被動元件, 濾波器、振盪器"
3224,三顧,"IC通路, 臨床實驗、移植技術、疾病治療"
3226,至寶電,"車用機械傳動設備及零配件, 車燈, 其他"
3227,原相,"其他電腦及週邊設備之零組件, 控制IC, 其他, 機器學習, 電腦視覺, 移動控制, 感測裝置, 影像感測IC, 感測器, IC, 環境感知, 深度感測, SLAM, 使用者感知, 視覺, 手勢/動作, 觸覺"
3228,金麗科,微控制器IC
3229,晟鈦,"貿易商、代理商、經銷商, 硬板、軟板、IC載板製造"
3230,錦明,"機殼, 機構樞紐"
3231,緯創,"筆記型電腦, 桌上型電腦, 其他電腦及週邊設備"
3232,昱捷,IC通路
3234,光環,"主/被動元件, 光通訊設備(如光纖電纜、光傳輸設備), 其他IC/二極體製造"
3236,千如,電感器
3252,海灣,"旅館服務業, 建設業"
3257,虹冠電,電源管理IC
3259,鑫創,記憶體控制IC
3260,威剛,"IC模組, 記憶體, 隨身碟、記憶卡讀卡機, 燈具/應用"
3264,欣銓,IC封裝測試
3265,台星科,IC封裝測試
3266,昇陽,建設業
3268,海德威,消費性IC
3272,東碩,"輸出入模組/介面卡, 其他電腦及週邊設備, 隨身碟、記憶卡讀卡機, 多功能視訊卡, 連接線"
3276,宇環,硬板、軟板、IC載板製造
3284,太普高,文化印刷業
3285,微端,其他電腦及週邊設備
3287,廣寰科,其他電腦及週邊設備之零組件
3288,點晶,"LED驅動IC, 消費性IC, 電源管理IC"
3289,宜特,其他電子產品及電子服務產業
3290,東浦,"其他電腦及週邊設備之零組件, 塑膠/金屬機殼, 其他"
3293,鈊象,"線上遊戲業, 數位內容產業, 應用軟體/內容, 設計開發, 營運發行, 培訓, 會議, 工作流程引導, 地圖, 遊戲, 其他"
3294,英濟,"機殼, 其他電腦及週邊設備, 金屬、塑膠模具, 塑膠/金屬機殼, 其他電子產品及電子服務產業, 塑化材料, 醫療耗材"
3296,勝德,其他電腦及週邊設備之零組件
3297,杭特,"安全監控系統, 領域解決方案, 智慧設備"
3303,岱稜,"PET膜, 其他電子產品及電子服務產業, 其他, 塑化材料"
3305,昇貿,"化學品, 太陽能電池, 太陽能電池模組"
3306,鼎天,無線通訊設備(如行動電話、衛星定位系統、衛星通訊設備、微波通訊設備、數位機上盒)
3308,聯德,電源供應器
3310,佳穎,"導線架, 金屬、塑膠模具, 金屬材料, 建設業, 其他, 大功率鋰電池芯/模組、電池管理系統、動力馬達等零組件, 金屬零件"
3311,閎暉,"其他零組件, 塑膠製品, 橡膠製品, 其他電子產品及電子服務產業, 其他"
3312,弘憶股,IC通路
3313,斐成,建設業
3317,尼克森,電源管理IC
3321,同泰,硬板、軟板、IC載板製造
3322,建舜電,"隨身碟、記憶卡讀卡機, 連接器設計、組裝及製造"
3323,加百裕,"電池, 大功率鋰電池芯/模組、電池管理系統、動力馬達等零組件, 電池模組"
3324,雙鴻,散熱片、風扇馬達、散熱模組
3325,旭品,機殼
3332,幸康,電源供應器
3338,泰碩,"散熱片、風扇馬達、散熱模組, 其他電腦及週邊設備之零組件"
3339,泰谷,"生產製程及檢測設備, IC模組, IC通路, IP設計/IC設計代工服務, 光源/磊晶"
3346,麗清,"封裝/模組, 燈具/應用"
3349,寶德,其他電腦及週邊設備
3354,律勝,銅箔基板
3356,奇偶,安全監控系統
3357,臺慶科,"電感器材料(如鐵氧體、導電漿墨), 電感器"
3360,尚立,"IC模組, IC通路"
3362,先進光,光學鏡片、鏡頭
3363,上詮,光通訊設備(如光纖電纜、光傳輸設備)
3372,典範,IC封裝測試
3373,熱映,體溫計、血壓計
3374,精材,IC封裝測試
3376,新日興,機構樞紐
3379,彬台,專用機械(如紡織成衣生產用機械、食品飲料生產用機械、農林用機械等)
3380,明泰,"網路設備(如數據機、網路卡、閘道器、路由器、網路電話), 天線/射頻基頻, 網路"
3388,崇越電,"擴散膜、增亮膜、導光板, 膠材, 線材, 其他零組件, 玻璃纖維/玻纖布, 銅箔, 原物料, 建材原料, 原料, 生產製程、檢測設備及原物料, 原材料"
3390,旭軟,"軟性電路板, 硬板、軟板、IC載板製造"
3402,漢科,"生產製程及檢測設備, 其他電子產品及電子服務產業, 太陽能發電設備/系統及系統工程"
3406,玉晶光,"光學鏡片、鏡頭, 燈具/應用"
3413,京鼎,"生產製程及檢測設備, 燈具/應用"
3416,融程電,"工業電腦, 觸控面板"
3419,譁裕,"其他零組件, 網路設備(如數據機、網路卡、閘道器、路由器、網路電話), 無線通訊設備(如行動電話、衛星定位系統、衛星通訊設備、微波通訊設備、數位機上盒), 連接器設計、組裝及製造"
3426,台興,"傳動元件, 五金元件及零配件, 電控元件, 油空壓元件"
3430,奇鈦科,"膠材, 顏染料, 化學助劑, 其他, 橡塑膠添加劑, 材料"
3432,台端,連接器設計、組裝及製造
3434,哲固,"工業電腦, 安全監控系統, 監視器/顯示器"
3437,榮創,"背光源(發光二極體、冷陰極管), 車燈, 封裝/模組"
3438,類比科,電源管理IC
3441,聯一光,光學鏡片、鏡頭
3443,創意,IP設計/IC設計代工服務
3444,利機,"基板, 導線架, IC封裝測試, IC模組, IC通路, 驅動IC, 印刷材料, 封裝/模組"
3447,展達,網路設備(如數據機、網路卡、閘道器、路由器、網路電話)
3450,聯鈞,"IC封裝測試, 主/被動元件"
3454,晶睿,安全監控系統
3455,由田,"生產製程及檢測設備, 智慧設備"
3465,進泰電子,其他電子產品及電子服務產業
3466,德晉,無線通訊設備(如行動電話、衛星定位系統、衛星通訊設備、微波通訊設備、數位機上盒)
3479,安勤,工業電腦
3481,群創,"面板, 觸控面板, 穿戴式裝置"
3483,力致,"散熱片、風扇馬達、散熱模組, 燈具/應用"
3484,崧騰,其他電腦及週邊設備之零組件
3489,森寶,建設業
3490,單井,"生產製程及檢測設備, IC封裝測試, 生產製程、檢測設備及原物料, 太陽能發電設備/系統及系統工程"
3491,昇達科,"主/被動元件, 無線通訊設備(如行動電話、衛星定位系統、衛星通訊設備、微波通訊設備、數位機上盒), 零組件/材料, 天線/射頻基頻, 太陽能板/電池, 感測器, 微電子, 金屬/燃料"
3492,長盛,連接器設計、組裝及製造
3494,誠研,其他電腦及週邊設備
3498,陽程,"生產製程及檢測設備, 工業用設備, 專用機械(如紡織成衣生產用機械、食品飲料生產用機械、農林用機械等)"
3499,環天科,無線通訊設備(如行動電話、衛星定位系統、衛星通訊設備、微波通訊設備、數位機上盒)
3501,維熹,"連接器設計、組裝及製造, 大功率鋰電池芯/模組、電池管理系統、動力馬達等零組件"
3504,揚明光,"光學鏡片、鏡頭, 金屬、塑膠模具, 其他電腦及週邊設備之零組件, 稜鏡片, 其他零組件"
3508,位速,其他電子產品及電子服務產業
3511,矽瑪,連接器設計、組裝及製造
3512,皇龍,"散熱片、風扇馬達、散熱模組, 建設業"
3515,華擎,"主機板, 顯示卡, 工業電腦, 伺服器, 元件裝置"
3516,亞帝歐,"顯示器模組, 背光源(發光二極體、冷陰極管), 燈具/應用"
3518,柏騰,機殼
3520,華盈,"連接器設計、組裝及製造, 基板組裝加工及相關製造, 太陽能發電設備/系統及系統工程, 太陽能電廠"
3521,鴻翊,"工業電腦, 建設業"
3522,御嵿,餐飲連鎖
3523,迎輝,稜鏡片
3526,凡甲,連接器設計、組裝及製造
3527,聚積,"LED驅動IC, 消費性IC, 電源管理IC, 平面顯示器控制IC, 平面顯示器驅動IC"
3528,安馳,IC通路
3529,力旺,IP設計/IC設計代工服務
3530,晶相光,消費性IC
3531,先益,背光模組
3532,台勝科,晶圓製造
3533,嘉澤,連接器設計、組裝及製造
3535,晶彩科,生產製程及檢測設備
3537,堡達,"IC通路, 電容器"
3540,曜越,"機殼, 電源供應器"
3541,西柏,"其他電腦及週邊設備, 監視器/顯示器, 電視, 公共資訊查詢站(Kiosk), 無線通訊設備(如行動電話、衛星定位系統、衛星通訊設備、微波通訊設備、數位機上盒)"
3543,州巧,"其他零組件, 其他, 電子零組件、塑膠零件、五金零件, 醫療器材代理銷售及通路, 塑化材料, 金屬零件, 醫療耗材, 醫療器材代理, 醫療院所、醫療器材專賣店、藥局等通路"
3545,敦泰,平面顯示器驅動IC
3546,宇峻,"數位內容產業, 設計開發"
3548,兆利,機構樞紐
3550,聯穎,連接線
3551,世禾,"生產製程及檢測設備, 工業用設備, 環保潔能服務產業, 其他電子產品及電子服務產業, 生產製程、檢測設備及原物料"
3552,同致,其他
3555,博士旺,"IC通路, 保健食品代理銷售及通路"
3556,禾瑞亞,"控制IC, 觸控面板, 消費性IC"
3557,嘉威,其他
3558,神準,"網路設備(如數據機、網路卡、閘道器、路由器、網路電話), 有線通訊設備(如電話機、傳真機)"
3563,牧德,生產製程及檢測設備
3564,其陽,"其他電腦及週邊設備, 網路設備(如數據機、網路卡、閘道器、路由器、網路電話), 網路基礎設施"
3567,逸昌,IC封裝測試
3570,大塚,系統整合服務
3576,聯合再生,"太陽能電池, 太陽能電池模組"
3577,泓格,"輸出入模組/介面卡, 工業電腦"
3580,友威科,其他電子產品及電子服務產業
3581,博磊,生產製程及檢測設備
3583,辛耘,"生產製程及檢測設備, 生產製程、檢測設備及原物料, 太陽能發電設備/系統及系統工程"
3587,閎康,其他電子產品及電子服務產業
3588,通嘉,電源管理IC
3591,艾笛森,"封裝/模組, 燈具/應用"
3592,瑞鼎,"電源管理IC, 平面顯示器驅動IC"
3593,力銘,其他電腦及週邊設備之零組件
3594,磐儀,工業電腦
3596,智易,網路設備(如數據機、網路卡、閘道器、路由器、網路電話)
3597,映興,"連接器設計、組裝及製造, 其他電子產品及電子服務產業, 其他"
3605,宏致,連接器設計、組裝及製造
3607,谷崧,"機殼, 塑膠/金屬機殼"
3609,三一東林,"銷售、進出口業務, 燈具/應用"
3611,鼎翰,"硬體元件, 工業電腦, 印表機、傳真機、掃瞄器、多功能事務機、投影機, 感測器, 控制器, HMI"
3615,安可,"ITO導電基板, ITO導電玻璃, 藍寶石晶圓/晶片"
3617,碩天,其他電腦及週邊設備
3622,洋華,"觸控面板, 高/低壓輸電設施, 配電管理設施, 電網營造, 電網維運, 高壓AMI, 低壓AMI, 能源管理服務, 系統整合服務, 電力零售業"
3623,富晶通,"硬體元件, 自動化機台, 觸控面板, 感測器, 控制器, HMI"
3624,光頡,"電阻器, 電感器"
3625,西勝,"電池, 大功率鋰電池芯/模組、電池管理系統、動力馬達等零組件, 電池模組"
3628,盈正,其他電子產品及電子服務產業
3629,地心引力,"數位內容產業, 創意生活產業"
3630,新鉅科,光學鏡片、鏡頭
3631,晟楠,其他電腦及週邊設備之零組件
3632,研勤,"衛星定位系統, 無線通訊設備(如行動電話、衛星定位系統、衛星通訊設備、微波通訊設備、數位機上盒), 導航定位, 系統整合, 電腦視覺, 雲端作業系統, SaaS"
3645,達邁,聚亞醯胺樹脂
3646,艾恩特,連接器設計、組裝及製造
3652,精聯,工業電腦
3653,健策,導線架
3661,世芯-KY,IP設計/IC設計代工服務
3663,鑫科,"化學品, 其他電腦及週邊設備, 化學品(如光阻劑、靶材等), ITO導電薄膜, 電阻器材料(氧化鋁陶瓷基板、導電漿墨), 電阻器, 濾波器、振盪器, 環保潔能服務產業, 材料"
3664,安瑞-KY,"網路設備(如數據機、網路卡、閘道器、路由器、網路電話), 網路基礎設施"
3665,貿聯-KY,"休閒車業, 連接線, 其他電腦及週邊設備之零組件, 線材, 其他零組件, 塑膠材料, 連接器設計、組裝及製造, 基板組裝加工及相關製造, 大功率鋰電池芯/模組、電池管理系統、動力馬達等零組件, 材料, 原材料, 塑化材料, 金屬零件"
3666,光耀,稜鏡片
3669,圓展,"其他電腦及週邊設備, 光通訊設備(如光纖電纜、光傳輸設備), 電腦視覺"
3672,康聯訊,網路設備(如數據機、網路卡、閘道器、路由器、網路電話)
3673,TPK-KY,觸控面板
3675,德微,其他IC/二極體製造
3679,新至陞,"金屬、塑膠模具, 其他電腦及週邊設備之零組件, 其他零組件, 其他電子產品及電子服務產業, 其他"
3680,家登,生產製程及檢測設備
3685,元創精密,"擴散膜、增亮膜、導光板, 車燈, 鈑金, 太陽能發電設備/系統及系統工程"
3686,達能,矽晶圓/矽晶片
3687,歐買尬,"線上遊戲業, 金流串接處理服務, 設計開發, 營運發行"
3689,湧德,連接器設計、組裝及製造
3691,碩禾,材料
3693,營邦,"磁碟儲存系統, 工業電腦, 伺服器"
3694,海華,網路設備(如數據機、網路卡、閘道器、路由器、網路電話)
3701,大眾控,"工業電腦, 其他電腦及週邊設備之零組件"
3702,大聯大,IC通路
3703,欣陸,"營造業, 建設業, 工程承攬, 環保潔能服務產業"
3704,合勤控,"網路設備(如數據機、網路卡、閘道器、路由器、網路電話), 光通訊設備(如光纖電纜、光傳輸設備), 無線通訊設備(如行動電話、衛星定位系統、衛星通訊設備、微波通訊設備、數位機上盒), 有線通訊設備(如電話機、傳真機), 網路基礎設施, 網路安全防護, 行動安全"
3705,永信,中、西藥製劑
3706,神達,"伺服器, 其他電腦及週邊設備, 無線通訊設備(如行動電話、衛星定位系統、衛星通訊設備、微波通訊設備、數位機上盒), 其他, 運算設備, 儲存"
3707,漢磊,"IC/晶圓製造, 晶圓製造, DRAM製造, 其他IC/二極體製造"
3708,上緯投控,"玻/碳纖, 樹酯"
3709,鑫聯大投控,"中央處理器, 晶片組, 面板, 顯示器模組, 記憶體, 主機板, 機殼, 電源供應器, 網路卡, 電池, 散熱片、風扇馬達、散熱模組, 輸出入模組/介面卡, 顯示卡, 硬碟機, 光碟機, 磁碟儲存系統, BIOS(嵌入式軟體), 筆記型電腦, 桌上型電腦, 工業電腦, 精簡型電腦, 伺服器, 其他電腦及週邊設備, 隨身碟、記憶卡讀卡機, 多功能視訊卡, 光學鏡片、鏡頭, 光碟片, 連接線, 機構樞紐, 金屬、塑膠模具, 印表機、傳真機、掃瞄器、多功能事務機、投影機, 安全監控系統, 其他電腦及週邊設備之零組件"
3710,連展投控,"主/被動元件, 連接器設計、組裝及製造, 能源管理服務"
3711,日月光投控,IC封裝測試
3712,永崴投控,"印表機、傳真機、掃瞄器、多功能事務機、投影機, 其他電子產品及電子服務產業, 太陽能發電設備/系統及系統工程, 太陽能電廠, 風場規劃, 風場營造, 風機維護, 風場開發, 發電營運"
3713,新晶投控,"太陽能電池模組, 太陽能發電設備/系統及系統工程, 太陽能電廠"
3714,富采,"光源/磊晶, 封裝/模組"
3715,定穎投控,硬板、軟板、IC載板製造
3716,中化控股,中、西藥製劑
4102,永日,中藥材、西藥原料藥
4104,佳醫,"藥品代理銷售及通路, 醫療院所, 醫療器材代理, 醫療院所、醫療器材專賣店、藥局等通路"
4105,東洋,"原材料, 中、西藥製劑, 藥品代理銷售及通路"
4106,雃博,其他
4107,邦特,醫療耗材
4108,懷特,"中藥材、西藥原料藥, 中、西藥製劑, 原料"
4109,加捷生醫,"加工製成品, 保健食品代理銷售及通路"
4111,濟生,中、西藥製劑
4113,聯上,建設業
4114,健喬,"中、西藥製劑, 藥品代理銷售及通路"
4116,明基醫,"其他, 醫療器材代理"
4119,旭富,中藥材、西藥原料藥
4120,友華,"中、西藥製劑, 藥品代理銷售及通路, 保健食品代理銷售及通路"
4121,優盛,"藥品代理銷售及通路, 保健食品代理銷售及通路, 體溫計、血壓計, 醫療院所、醫療器材專賣店、藥局等通路"
4123,晟德,中、西藥製劑
4126,太醫,醫療耗材
4127,天良,"中、西藥製劑, 藥品代理銷售及通路, 加工製成品, 保健食品代理銷售及通路"
4128,中天,"原材料, 中、西藥製劑, 加工製成品, 保健食品代理銷售及通路"
4129,聯合,人工關節
4130,健亞,"中、西藥製劑, 藥品代理銷售及通路"
4131,浩泰,生物檢測
4133,亞諾法,生物檢測
4137,麗豐-KY,保健食品代理銷售及通路
4138,曜亞,"醫療器材代理, 醫療院所、醫療器材專賣店、藥局等通路"
4139,馬光-KY,醫療院所
4142,國光生,中藥材、西藥原料藥
4147,中裕,原材料
4153,鈺緯,顯示器
4154,樂威科-KY,其他
4155,訊映,醫療耗材
4157,太景*-KY,中、西藥製劑
4160,訊聯基因,"應用/系統軟體設計開發, 系統整合服務, 資料處理服務, 系統整合, 顧問諮詢, 領域解決方案, 資料庫, 分析工具, 應用軟體, 生物檢測"
4161,聿新科,"衛生用品, 醫療耗材, 生物檢測"
4162,智擎,原材料
4163,鐿鈦,其他
4164,承業醫,"其他, 醫療器材代理銷售及通路, 醫療器材代理, 醫療院所、醫療器材專賣店、藥局等通路"
4167,松瑞藥,"中藥材、西藥原料藥, 中、西藥製劑"
4168,醣聯,中、西藥製劑
4171,瑞基,"農業科技業, 生物檢測"
4173,久裕,藥品代理銷售及通路
4174,浩鼎,原材料
4175,杏一,"藥品代理銷售及通路, 醫療器材代理銷售及通路, 保健食品代理銷售及通路, 醫療器材代理, 醫療院所、醫療器材專賣店、藥局等通路"
4183,福永生技,"電子零組件、塑膠零件、五金零件, 塑化材料, 金屬零件, 醫療耗材, 生物檢測, 其他"
4188,安克,其他
4192,杏國,"中藥材、西藥原料藥, 藥品代理銷售及通路"
4198,欣大健康,生物檢測
4205,中華食,加工食品
4207,環泰,加工食品
4303,信立,"塑膠製品, 人造纖維"
4304,勝昱,塑膠製品
4305,世坤,塑膠製品
4306,炎洲,塑膠製品
4401,東隆興,"人造纖維產品(例如尼龍纖維、聚酯纖維、嫘縈纖維等), 紡紗, 染整, 運動用品"
4402,郡都開發,人造纖維產品(例如尼龍纖維、聚酯纖維、嫘縈纖維等)
4406,新昕纖,人造纖維產品(例如尼龍纖維、聚酯纖維、嫘縈纖維等)
4413,飛寶企業,成衣及其它家居紡織類品
4414,如興,成衣及其它家居紡織類品
4416,三圓,建設業
4417,金洲,成衣及其它家居紡織類品
4419,皇家美食,餐飲連鎖
4420,光明,人造纖維產品(例如尼龍纖維、聚酯纖維、嫘縈纖維等)
4426,利勤,織布
4430,耀億,其他
4432,銘旺實,成衣及其它家居紡織類品
4433,興采,"染整, 成衣及其它家居紡織類品"
4438,廣越,"成衣及其它家居紡織類品, 衛生用品"
4440,宜新實業,人造纖維產品(例如尼龍纖維、聚酯纖維、嫘縈纖維等)
4442,竣邦-KY,成衣及其它家居紡織類品
4502,健信,"車用機械傳動設備及零配件, 鋁合金鋼圈"
4503,金雨,"自動販賣機, 金屬加工處理, 金屬製品, 大功率鋰電池芯/模組、電池管理系統、動力馬達等零組件"
4506,崇友,機電系統工程
4510,高鋒,金屬加工用機械
4513,福裕,金屬加工用機械
4523,永彰,"車用機械傳動設備及零配件, 冷凍空調設備及零件"
4526,東台,金屬加工用機械
4527,方土霖,冷凍空調設備及零件
4528,江興鍛,"傳動元件, 五金元件及零配件, 車用機械傳動設備及零配件, 金屬加工處理"
4529,淳紳,其他
4530,宏易,餐飲連鎖
4532,瑞智,冷凍空調設備及零件
4533,協易機,金屬加工用機械
4534,慶騰,"傳動元件, 五金元件及零配件, 手工具機, 車用機械傳動設備及零配件"
4535,至興,"機械設備之沖壓零組件, 車用機械傳動設備及零配件, 大功率鋰電池芯/模組、電池管理系統、動力馬達等零組件"
4536,拓凱,"休閒車業, 其他"
4538,大詠城,鋼鑄鐵元件
4540,全球傳動,傳動元件
4541,晟田,其他
4542,科嶠,"工業用設備, 生產製程及檢測設備"
4543,萬在,"五金元件及零配件, 冷凍空調設備及零件, 金屬加工處理"
4545,銘鈺,"金屬、塑膠模具, 其他電腦及週邊設備之零組件, 其他零組件"
4549,桓達,"電控元件, 機電系統工程"
4550,長佳,機電系統工程
4551,智伸科,其他
4554,橙的,其他
4555,氣立,"電控元件, 油空壓元件"
4556,旭然,其他
4558,寶緯,"金屬加工處理, 裝置/器材零組件"
4561,健椿,傳動元件
4562,穎漢,金屬加工用機械
4563,百德,金屬加工用機械
4564,元翎,金屬加工處理
4566,時碩工業,車用機械傳動設備及零配件
4568,科際精密,"傳動元件, 油空壓元件"
4572,駐龍,金屬加工處理
4576,大銀微系統,傳動元件
4577,達航科技,"生產製程及檢測設備, 其他電子產品及電子服務產業"
4580,捷流閥業,"鋼鑄鐵元件, 傳動元件"
4583,台灣精銳,傳動元件
4588,玖鼎電力,"其他電子產品及電子服務產業, 低壓AMI, 能源管理服務, 系統整合服務"
4609,唐鋒,零售通路
4702,中美實,貿易商、代理商、經銷商
4706,大恭,"顏染料, 化學助劑, 其他"
4707,磐亞,界面活性劑
4711,永純,接著劑(合成樹脂)
4714,永捷,"塑膠製品, 人造纖維, 接著劑(合成樹脂), 建設業"
4716,大立,工業用合成樹脂
4720,德淵,"化學品, 化學品(如光阻劑、靶材等), ITO導電薄膜, 接著劑(合成樹脂), 輸送機械及零配件, 醫療器材代理"
4721,美琪瑪,"PTA(對苯二甲酸)觸媒, 鋰電池材料"
4722,國精化,"化學品, 化學品(如光阻劑、靶材等)"
4726,永昕,"中藥材、西藥原料藥, 中、西藥製劑"
4728,雙美,醫療耗材
4729,熒茂,"觸控面板, 隱型眼鏡、光學鏡片"
4735,豪展,體溫計、血壓計
4736,泰博,體溫計、血壓計
4737,華廣,生物檢測
4739,康普,"濾波器、振盪器材料(鉭酸鋰／鈮酸鋰晶圓／片、石英基板、金屬及陶瓷封裝材料), 接著劑(合成樹脂), 化學助劑, PTA(對苯二甲酸)觸媒, 鋰電池材料, 原材料"
4741,泓瀚,顏染料
4743,合一,"中藥材、西藥原料藥, 中、西藥製劑, 藥品代理銷售及通路"
4744,皇將,其他
4745,合富-KY,"醫療器材代理, 醫療院所、醫療器材專賣店、藥局等通路"
4746,台耀,中藥材、西藥原料藥
4747,強生,"中、西藥製劑, 藥品代理銷售及通路"
4754,國碳科,其他
4755,三福化,"化學品, 化學品(如光阻劑、靶材等), 塑膠材料, 原物料, 生產製程、檢測設備及原物料"
4760,勤凱,"IC封裝測試, 電阻器材料(氧化鋁陶瓷基板、導電漿墨), 電容器材料(如電蝕／化成鋁箔、介面瓷粉), 電感器材料(如鐵氧體、導電漿墨), 封裝/模組, 材料"
4764,雙鍵,"化學品, 膠材, 環氧樹脂, 聚亞醯胺樹脂, 化學助劑, 其他電子產品及電子服務產業, 農業科技業, 原材料, 工業用合成樹脂, 橡塑膠添加劑"
4766,南寶,接著劑(合成樹脂)
4767,誠泰科技,接著劑(合成樹脂)
4768,晶呈科技,"化學品, 化學品(如光阻劑、靶材等), 光源/磊晶, 太陽能電池"
4770,上品,"生產製程及檢測設備, 工業用合成樹脂"
4771,望隼,隱型眼鏡、光學鏡片
4772,台特化,"生產製程及檢測設備, 化學品, 化學品(如光阻劑、靶材等)"
4806,桂田文創,廣播電視/電影產業
4807,日成-KY,"製造商, 貿易商、代理商、經銷商"
4903,聯光通,光通訊設備(如光纖電纜、光傳輸設備)
4904,遠傳,"無線通訊設備(如行動電話、衛星定位系統、衛星通訊設備、微波通訊設備、數位機上盒), 電信服務業, 雲端應用服務, 雲端平台, IaaS, PaaS, SaaS"
4905,台聯電,"網路設備(如數據機、網路卡、閘道器、路由器、網路電話), 光通訊設備(如光纖電纜、光傳輸設備)"
4906,正文,網路設備(如數據機、網路卡、閘道器、路由器、網路電話)
4907,富宇,建設業
4908,前鼎,主/被動元件
4909,新復興,"印刷電路板, 網路設備(如數據機、網路卡、閘道器、路由器、網路電話), 零組件/材料, 硬板、軟板、IC載板製造, 天線/射頻基頻, 太陽能板/電池, 感測器, 微電子, 金屬/燃料"
4911,德英,"原材料, 原料, 加工製成品"
4912,聯德控股-KY,散熱片、風扇馬達、散熱模組
4915,致伸,"其他電腦及週邊設備, 印表機、傳真機、掃瞄器、多功能事務機、投影機, 其他電腦及週邊設備之零組件"
4916,事欣科,"機殼, 工業電腦, 其他電腦及週邊設備"
4919,新唐,"消費性IC, 晶圓製造"
4923,力士,電源管理IC
4924,欣厚-KY,"其他電腦及週邊設備, 金屬、塑膠模具, 其他電腦及週邊設備之零組件, 燈具/應用"
4927,泰鼎-KY,硬板、軟板、IC載板製造
4930,燦星網,"原物料, 製造商, 貿易商、代理商、經銷商"
4931,新盛力,"電池, 電力設備, 大功率鋰電池芯/模組、電池管理系統、動力馬達等零組件, 電池模組"
4933,友輝,"稜鏡片, 擴散膜、增亮膜、導光板"
4934,太極,"太陽能電池, 太陽能電池模組"
4935,茂林-KY,"其他電腦及週邊設備之零組件, 擴散膜、增亮膜、導光板, 塑膠製品, 其他電子產品及電子服務產業, 燈具/應用"
4938,和碩,"基板, 主機板, 機殼, 筆記型電腦, 桌上型電腦, 其他零組件, 網路設備(如數據機、網路卡、閘道器、路由器、網路電話), 無線通訊設備(如行動電話、衛星定位系統、衛星通訊設備、微波通訊設備、數位機上盒)"
4939,亞電,銅箔基板
4942,嘉彰,其他零組件
4943,康控-KY,連接器設計、組裝及製造
4945,陞達科技,"IC通路, 微控制器IC"
4946,辣椒,"數位內容產業, 營運發行"
4949,有成精密,"生產製程及檢測設備, 太陽能電池模組, 太陽能發電設備/系統及系統工程"
4950,牧東,"不鏽鋼棒線, 裁剪加工"
4951,精拓科,輸出入介面IC
4952,凌通,"機器學習, 電腦視覺, 消費性IC, 微控制器IC, 電源管理IC, 平面顯示器控制IC, 電動汽車、電動機車、電動自行車"
4953,緯軟,"應用/系統軟體設計開發, 數位銀行, 系統整合, 領域解決方案"
4956,光鋐,光源/磊晶
4958,臻鼎-KY,硬板、軟板、IC載板製造
4960,誠美材,其他零組件
4961,天鈺,"LED驅動IC, 電源管理IC, 平面顯示器驅動IC"
4966,譜瑞-KY,平面顯示器驅動IC
4967,十銓,"記憶體, 隨身碟、記憶卡讀卡機"
4968,立積,網路通訊IC
4971,IET-KY,其他IC/二極體製造
4972,湯石照明,燈具/應用
4973,廣穎,"IC模組, 記憶體, 隨身碟、記憶卡讀卡機"
4974,亞泰,印表機、傳真機、掃瞄器、多功能事務機、投影機
4976,佳凌,"光學鏡片、鏡頭, 金屬、塑膠模具, 其他"
4977,眾達-KY,光通訊設備(如光纖電纜、光傳輸設備)
4979,華星光,主/被動元件
4987,科誠,印表機、傳真機、掃瞄器、多功能事務機、投影機
4989,榮科,銅箔
4991,環宇-KY,"晶圓製造, 其他IC/二極體製造"
4994,傳奇,"設計開發, 營運發行"
4995,晶達,"顯示器模組, 監視器/顯示器, 觸控面板, 公共資訊查詢站(Kiosk), 金融提款機(ATM), 自動售票機"
4999,鑫禾,機構樞紐
5007,三星,"金屬加工用機械, 模具, 螺絲螺帽"
5009,榮剛,"鋼胚, 不鏽鋼胚, 不鏽鋼棒線"
5011,久陽,螺絲螺帽
5013,強新,金屬製品
5014,建錩,"冷熱軋不鏽鋼板捲, 裁剪加工"
5015,華祺,螺絲螺帽
5016,松和,鋼線鋼纜
5201,凱衛,"應用/系統軟體設計開發, 系統整合服務"
5202,力新,"應用/系統軟體設計開發, 系統整合服務, 通路經銷"
5203,訊連,"應用/系統軟體設計開發, 領域解決方案"
5205,中茂,"環保潔能服務產業, 其他"
5206,坤悅,"系統整合服務, 建設業"
5209,新鼎,"系統整合服務, 系統整合, 顧問諮詢, 領域解決方案, 智慧設備, 機器學習, 電腦視覺, 自然語言處理, 移動控制, 運算設備, 雲端平台, 資料處理, 資料庫, 分析工具, 應用軟體, 運算元件與設備, 儲存處理"
5210,寶碩,"應用/系統軟體設計開發, 系統整合服務, 太陽能發電設備/系統及系統工程"
5211,蒙恬,應用/系統軟體設計開發
5212,凌網,系統整合服務
5213,亞昕,建設業
5215,科嘉-KY,其他電腦及週邊設備之零組件
5220,萬達光電,觸控面板
5222,全訊,"生產製程及檢測設備, IC模組, IP設計/IC設計代工服務, 晶圓製造"
5223,安力-KY,"散熱片、風扇馬達、散熱模組, 金屬、塑膠模具, 其他電腦及週邊設備之零組件, 電腦設備, 冷卻設備, 伺服器, 儲存, 網路"
5225,東科-KY,其他電子產品及電子服務產業
5227,立凱-KY,"鋰電池材料, 電動汽車、電動機車、電動自行車, 原材料"
5228,鈺鎧,電感器
5230,雷笛克光學,"散熱片、風扇馬達、散熱模組, 車燈, 封裝/模組, 燈具/應用"
5234,達興材料,"化學品, 化學品(如光阻劑、靶材等), 膠材, 接著劑(合成樹脂), 工業用合成樹脂, 鋰電池材料, 材料, 原材料"
5236,凌陽創新,"機器學習, 電腦視覺, 消費性IC, 微控制器IC"
5243,乙盛-KY,"塑膠框, 其他零組件, 模具"
5244,弘凱,封裝/模組
5245,智晶,"面板, 顯示器模組"
5251,天鉞電,安全監控系統
5258,虹堡,其他電腦及週邊設備
5263,智崴,"娛樂服務業, 應用/系統軟體設計開發, 數位內容產業, 資服, 應用軟體/內容, 垂直應用方案, 系統整合, IT服務, 培訓, 會議, 工作流程引導, 地圖, 遊戲, 其他, 製造, 重工業, 物流, 安防, 醫療"
5269,祥碩,輸出入介面IC
5272,笙科,消費性IC
5274,信驊,網路通訊IC
5276,達輝-KY,其他
5278,尚凡*,"交易撮(媒)合, 資訊聚合"
5283,禾聯碩,其他電子產品及電子服務產業
5284,jpp-KY,"塑膠/金屬機殼, 醫療器材研發、設計、製造, 醫療器材代理銷售及通路, 太陽能發電設備/系統及系統工程, 金屬零件, 體溫計、血壓計, 人工關節, 隱型眼鏡、光學鏡片, 衛生用品, 醫療耗材, 生物檢測, 顯示器, 醫療器材代理, 醫療院所、醫療器材專賣店、藥局等通路"
5285,界霖,導線架
5287,數字,"行銷廣告服務, 交易撮(媒)合, 資訊聚合"
5288,豐祥-KY,"金屬加工處理, 金屬零件"
5289,宜鼎,其他電腦及週邊設備
5291,邑昇,"硬板、軟板、IC載板製造, 燈具/應用"
5292,華懋,環保潔能服務產業
5299,杰力,電源管理IC
5301,寶得利,"旅遊服務業, 貿易商、代理商、經銷商, 零售通路"
5302,太欣,消費性IC
5306,桂盟,"休閒車業, 車用機械傳動設備及零配件, 金屬製品, 其他"
5309,系統電,"其他電腦及週邊設備, 電池模組"
5310,天剛,"線上遊戲業, 系統整合服務, 設計開發, 營運發行"
5312,寶島科,醫療院所、醫療器材專賣店、藥局等通路
5314,世紀,裝潢業
5315,光聯,"面板, 顯示器模組"
5321,美而快,"自有產品(服務)銷售, 硬板、軟板、IC載板製造"
5324,士開,"旅館服務業, 建設業"
5328,華容,電容器
5340,建榮,玻璃纖維/玻纖布
5344,立衛,"IC封裝測試, 燈具/應用"
5345,天揚,其他電子產品及電子服務產業
5347,世界,晶圓製造
5348,正能量智能,"無線通訊設備(如行動電話、衛星定位系統、衛星通訊設備、微波通訊設備、數位機上盒), 裝置/器材零組件, 軟體開發, 運動用品, 穿戴式裝置, 通訊服務, 數位內容, 運動服務/顧問, 運動行銷/媒體"
5351,鈺創,"系統整合, 領域解決方案, 電腦視覺, 處理器/IC, 感測器/模組, 頭顯裝置品牌廠, 記憶體IC, CPU, GPU, HPU, SoC, IC, 環境感知, 深度感測, SLAM, 其他, 使用者感知, 視覺, 語音, 手勢/動作, 觸覺, VR Headset, AR Smart Glasses, MR Headset & SG"
5353,台林,"工業電腦, 網路設備(如數據機、網路卡、閘道器、路由器、網路電話), 無線通訊設備(如行動電話、衛星定位系統、衛星通訊設備、微波通訊設備、數位機上盒), 有線通訊設備(如電話機、傳真機)"
5355,佳總,"硬板、軟板、IC載板製造, 基板組裝加工及相關製造"
5356,協益,"印表機、傳真機、掃瞄器、多功能事務機、投影機, 安全監控系統, 電視, 無線通訊設備(如行動電話、衛星定位系統、衛星通訊設備、微波通訊設備、數位機上盒), 塑膠製品, 其他, 電子零組件、塑膠零件、五金零件, 塑化材料, 金屬零件"
5364,力麗店,旅館服務業
5371,中光電,"整體解決方案, 印表機、傳真機、掃瞄器、多功能事務機、投影機, 背光模組, 系統整合, 領域解決方案, 近眼顯示(Dear-Eye Display), 垂直應用方案, 顯示技術, 光學元件/模組, LCoS, OLED, Micro LED, 微型顯示器/光機引擎(Light Engine), ODM/OEM, 製造, 重工業, 物流, 安防, 醫療, 其他"
5381,合正,"印刷電路板, 電控元件, 硬板、軟板、IC載板製造, 基板組裝加工及相關製造, 銅箔基板, 高/低壓輸電設施"
5386,青雲,"顯示器模組, 記憶體, 主機板, 顯示卡, 電子觸控白板, 工業用設備"
5388,中磊,網路設備(如數據機、網路卡、閘道器、路由器、網路電話)
5392,能率,機殼
5398,慕康生醫,"連接器設計、組裝及製造, 藥品代理銷售及通路, 醫療器材代理銷售及通路, 保健食品代理銷售及通路, 醫療耗材, 醫療器材代理, 醫療院所、醫療器材專賣店、藥局等通路"
5403,中菲,"應用/系統軟體設計開發, 系統整合服務"
5410,國眾,"應用/系統軟體設計開發, 系統整合服務"
5425,台半,其他IC/二極體製造
5426,振發,其他電腦及週邊設備之零組件
5432,新門,"顯示器模組, 太陽能發電設備/系統及系統工程"
5434,崇越,"生產製程及檢測設備, 化學品, 電阻器材料(氧化鋁陶瓷基板、導電漿墨), 電感器, 貿易商、代理商、經銷商, 生產製程、檢測設備及原物料, 封裝/模組, 材料, 太陽能電池模組, 太陽能發電設備/系統及系統工程"
5438,東友,印表機、傳真機、掃瞄器、多功能事務機、投影機
5439,高技,"印刷電路板, 硬板、軟板、IC載板製造, 大功率鋰電池芯/模組、電池管理系統、動力馬達等零組件"
5443,均豪,生產製程及檢測設備
5450,南良,成衣及其它家居紡織類品
5452,佶優,其他電子產品及電子服務產業
5455,昇益,建設業
5457,宣德,"機殼, 散熱片、風扇馬達、散熱模組, 連接線, 金屬、塑膠模具, 其他電腦及週邊設備之零組件, 塑膠/金屬機殼, 線材, 網路設備(如數據機、網路卡、閘道器、路由器、網路電話), 連接器設計、組裝及製造, 零組件/材料, 穿戴式裝置, 醫療器材研發、設計、製造, 天線/射頻基頻, 太陽能板/電池, 感測器, 微電子, 金屬/燃料, 大功率鋰電池芯/模組、電池管理系統、動力馬達等零組件, 電動汽車、電動機車、電動自行車, 高壓AMI, 低壓AMI, 體溫計、血壓計, 人工關節, 隱型眼鏡、光學鏡片, 衛生用品, 醫療耗材, 生物檢測, 顯示器, 其他"
5460,同協,"金屬、塑膠模具, 其他零組件, 塑膠/金屬機殼, 連接器設計、組裝及製造, 燈具/應用, 金屬零件"
5464,霖宏,"旅館服務業, 硬板、軟板、IC載板製造"
5465,富驊,機殼
5468,凱鈺,光通訊IC
5469,瀚宇博,硬板、軟板、IC載板製造
5471,松翰,微控制器IC
5474,聰泰,"多功能視訊卡, 安全監控系統, 其他電腦及週邊設備之零組件, 系統整合, 機器學習"
5475,德宏,玻璃纖維/玻纖布
5478,智冠,"線上遊戲業, 資訊系統建置服務, 金流串接處理服務, 自有產品(服務)銷售, 數位內容產業, 支付, 設計開發, 營運發行"
5481,新華,其他
5483,中美晶,"晶圓製造, 矽晶圓/矽晶片, 太陽能電池, 太陽能電池模組"
5484,慧友,安全監控系統
5487,通泰,"消費性IC, 微控制器IC"
5488,松普,連接線
5489,彩富,"安全監控系統, 生產製程及檢測設備"
5490,同亨,"工業電腦, 工業用設備"
5493,三聯,"生產製程及檢測設備, 監視器/顯示器, 工業用設備, 應用/系統軟體設計開發, 系統整合服務, 資料處理服務, 通路經銷, 感測裝置"
5498,凱崴,"基板組裝加工及相關製造, 銅箔基板"
5508,永信建,建設業
5511,德昌,營造業
5512,力麒,建設業
5514,三豐,建設業
5515,建國,"建材原料, 營造業"
5516,雙喜,營造業
5519,隆大,"營造業, 建設業"
5520,力泰,預拌混凝土
5521,工信,營造業
5522,遠雄,建設業
5523,豐謙,建設業
5525,順天,建設業
5529,鉅陞,建設業
5530,龍巖,"建設業, 其他"
5531,鄉林,建設業
5533,皇鼎,建設業
5534,長虹,建材原料
5536,聖暉*,"生產製程及檢測設備, 冷凍空調設備及零件, 機電系統工程, 機電工程, 工程設計, 工程承攬, 其他電子產品及電子服務產業, 電力設備, 冷卻設備, 系統整合, 顧問諮詢, 設備安裝服務, 生產製程、檢測設備及原物料, 太陽能發電設備/系統及系統工程"
5538,東明-KY,螺絲螺帽
5543,桓鼎-KY,"建材原料, 大功率鋰電池芯/模組、電池管理系統、動力馬達等零組件, 電動汽車、電動機車、電動自行車, 電池模組"
5548,安倉,營造業
5603,陸海,貨櫃運輸集散及倉儲
5604,中連,其他
5607,遠雄港,貨櫃運輸集散及倉儲
5608,四維航,散裝航運
5609,中菲行,海陸空貨運承攬
5701,劍湖山,"娛樂服務業, 旅館服務業"
5703,亞都,旅館服務業
5704,老爺知,旅館服務業
5706,鳳凰,旅遊服務業
5864,致和證,證券業
5871,中租-KY,"租賃業, 太陽能電廠"
5876,上海商銀,金控業/銀行業/保險業
5878,台名,金控業/銀行業/保險業
5880,合庫金,金控業/銀行業/保險業
5902,德記,貿易商、代理商、經銷商
5903,全家,零售通路
5904,寶雅,零售通路
5905,南仁湖,"旅館服務業, 零售通路"
5906,台南-KY,貿易商、代理商、經銷商
5907,大洋-KY,零售通路
6005,群益證,證券業
6015,宏遠證,證券業
6016,康和證,證券業
6020,大展證,證券業
6021,美好證,證券業
6023,元大期,期貨業
6024,群益期,期貨業
6026,福邦證,證券業
6101,寬魚國際,流行音樂及文化內容產業
6103,合邦,消費性IC
6104,創惟,輸出入介面IC
6108,競國,硬板、軟板、IC載板製造
6109,亞元,"電源供應器, 無線通訊設備(如行動電話、衛星定位系統、衛星通訊設備、微波通訊設備、數位機上盒)"
6111,大宇資,"數位內容產業, 設計開發, 營運發行"
6112,邁達特,"應用/系統軟體設計開發, 系統整合服務, 資料處理服務, 通路經銷, 系統整合, 顧問諮詢, 領域解決方案, 機器學習, 電腦視覺, 自然語言處理, 運算設備, 雲端平台, 資料處理, 電腦設備, 設備管理軟體, 營運管理軟體, 虛擬化軟體, 雲端作業系統, 資安防護軟體, 雲端應用服務, 設備安裝服務, 安全營運與事件回應, 資安治理, 資料安全, 網頁內容安全, 雲端安全, 網路基礎設施, 網路安全防護, 物聯網安全, 端點安全防護, 身分認證與訪問管理, 行動安全, 資安防護能力分析與鑑識服務, 資安營運管理服務, 資安顧問服務, 資料庫, 分析工具, 應用軟體, 運算元件與設備, 儲存處理, 伺服器, 儲存, 網路, IaaS, PaaS, SaaS"
6113,亞矽,IC通路
6114,久威,其他電腦及週邊設備之零組件
6115,鎰勝,"連接線, 連接器設計、組裝及製造"
6116,彩晶,"面板, 顯示器模組"
6117,迎廣,"機殼, 電源供應器"
6118,建達,其他電子產品及電子服務產業
6120,達運,"塑膠框, 擴散膜、增亮膜、導光板, 背光模組, 其他零組件, 顯示器模組, 監視器/顯示器"
6121,新普,"電池, 大功率鋰電池芯/模組、電池管理系統、動力馬達等零組件, 電池模組"
6122,擎邦,"機電系統工程, 機電工程, 工程承攬"
6123,上奇,"系統整合服務, 通路經銷, 營運管理軟體, 虛擬化軟體, 雲端作業系統, 資安防護軟體, 雲端應用服務, 系統整合, 顧問諮詢, 設備安裝服務, IaaS, PaaS, SaaS"
6124,業強,"散熱片、風扇馬達、散熱模組, 燈具/應用"
6125,廣運,"整體解決方案, 生產製程及檢測設備, 輸送機械及零配件, 機電系統工程, 太陽能發電設備/系統及系統工程"
6126,信音,連接器設計、組裝及製造
6127,九豪,電阻器材料(氧化鋁陶瓷基板、導電漿墨)
6128,上福,"旅館服務業, 其他電腦及週邊設備之零組件"
6129,普誠,"LED驅動IC, 消費性IC, 微控制器IC, 電源管理IC, 平面顯示器控制IC, 平面顯示器驅動IC"
6130,上亞科技,"藥品代理銷售及通路, 電源管理IC, 太陽能電廠, 醫療器材代理"
6133,金橋,連接器設計、組裝及製造
6134,萬旭,連接線
6136,富爾特,電信服務業
6138,茂達,"LED驅動IC, 電源管理IC, 網路通訊IC, 大功率鋰電池芯/模組、電池管理系統、動力馬達等零組件"
6139,亞翔,其他電子產品及電子服務產業
6140,訊達,"筆記型電腦, 桌上型電腦, 伺服器, 其他電腦及週邊設備, 網路設備(如數據機、網路卡、閘道器、路由器、網路電話), 有線通訊設備(如電話機、傳真機), 應用/系統軟體設計開發, 系統整合服務, 通路經銷, 系統整合, 運算設備, 設備管理軟體, 營運管理軟體, 虛擬化軟體, 資安防護軟體, 顧問諮詢, 設備安裝服務"
6141,柏承,硬板、軟板、IC載板製造
6142,友勁,網路設備(如數據機、網路卡、閘道器、路由器、網路電話)
6143,振曜,"網路卡, 工業電腦, 電子書, 網路設備(如數據機、網路卡、閘道器、路由器、網路電話), 光通訊設備(如光纖電纜、光傳輸設備), 無線通訊設備(如行動電話、衛星定位系統、衛星通訊設備、微波通訊設備、數位機上盒)"
6144,得利影,"其他, 廣播電視/電影產業"
6146,耕興,其他電子產品及電子服務產業
6147,頎邦,"IC封裝測試, 驅動IC"
6148,驊宏資,"系統整合服務, 系統整合"
6150,撼訊,"顯示卡, 元件裝置"
6151,晉倫,"塑膠材料, 塑化材料"
6152,百一,"網路設備(如數據機、網路卡、閘道器、路由器、網路電話), 無線通訊設備(如行動電話、衛星定位系統、衛星通訊設備、微波通訊設備、數位機上盒)"
6153,嘉聯益,硬板、軟板、IC載板製造
6154,順發,"筆記型電腦, 桌上型電腦, 工業電腦, 精簡型電腦, 伺服器, 印表機、傳真機、掃瞄器、多功能事務機、投影機, 安全監控系統, 其他電腦及週邊設備之零組件, 通路經銷, 零售通路, 其他電子產品及電子服務產業"
6155,鈞寶,"電感器材料(如鐵氧體、導電漿墨), 電感器, 濾波器、振盪器"
6156,松上,"電感器, 硬板、軟板、IC載板製造"
6158,禾昌,連接器設計、組裝及製造
6160,欣技,工業電腦
6161,捷波,"主機板, 顯示卡"
6163,華電網,"網路設備(如數據機、網路卡、閘道器、路由器、網路電話), 光通訊設備(如光纖電纜、光傳輸設備), 無線通訊設備(如行動電話、衛星定位系統、衛星通訊設備、微波通訊設備、數位機上盒), 應用/系統軟體設計開發, 系統整合服務, 系統整合, 領域解決方案, 智慧設備, 機器學習, 電腦視覺, 資料處理, 資安治理, 網頁內容安全, 雲端安全, 網路基礎設施, 網路安全防護, 物聯網安全, 端點安全防護, 資安防護能力分析與鑑識服務, 資安顧問服務, 能源管理服務"
6164,華興,"封裝/模組, 燈具/應用"
6165,浪凡,連接器設計、組裝及製造
6166,凌華,工業電腦
6167,久正,"面板, 顯示器模組"
6168,宏齊,"背光源(發光二極體、冷陰極管), 封裝/模組"
6169,昱泉,"線上遊戲業, 數位內容產業, 設計開發, 營運發行"
6170,統振,電信服務業
6171,大城地產,建設業
6173,信昌電,"電容器材料(如電蝕／化成鋁箔、介面瓷粉), 電阻器, 電容器, 電感器"
6174,安碁,濾波器、振盪器
6175,立敦,電容器材料(如電蝕／化成鋁箔、介面瓷粉)
6176,瑞儀,背光模組
6177,達麗,建設業
6179,亞通,工程承攬
6180,橘子,"數位內容產業, 設計開發, 營運發行"
6182,合晶,晶圓製造
6183,關貿,"應用/系統軟體設計開發, 系統整合服務, 資料處理服務, 資訊系統建置服務, 金流串接處理服務, 資料分析處理服務, 安全營運與事件回應, 資安治理, 資料安全, 網頁內容安全, 雲端安全, 網路基礎設施, 網路安全防護, 物聯網安全, 端點安全防護, 身分認證與訪問管理, 行動安全, 資安防護能力分析與鑑識服務, 資安營運管理服務, 資安顧問服務, 系統整合, 顧問諮詢, 領域解決方案, 資料庫, 分析工具, 應用軟體, 運算元件與設備, 雲端平台, 儲存處理"
6184,大豐電,廣播電視/電影產業
6185,幃翔,連接器設計、組裝及製造
6186,新潤,建設業
6187,萬潤,其他電子產品及電子服務產業
6188,廣明,其他電腦及週邊設備
6189,豐藝,"IC通路, 晶片組, 面板, 顯示器模組"
6190,萬泰科,線材
6191,精成科,"硬板、軟板、IC載板製造, 基板組裝加工及相關製造"
6192,巨路,"IC通路, 其他零組件, 線材, 其他, 系統整合, 設備維護"
6194,育富,硬板、軟板、IC載板製造
6195,詩肯,零售通路
6196,帆宣,其他電子產品及電子服務產業
6197,佳必琪,"線材, 連接器設計、組裝及製造"
6198,瑞築,建設業
6199,天品,其他
6201,亞弘電,"其他電腦及週邊設備, 製造商, 其他電子產品及電子服務產業, 體溫計、血壓計"
6202,盛群,"微控制器IC, 大功率鋰電池芯/模組、電池管理系統、動力馬達等零組件, 電動汽車、電動機車、電動自行車"
6203,海韻電,電源供應器
6204,艾華,"其他電腦及週邊設備, 主/被動元件, 電阻器材料(氧化鋁陶瓷基板、導電漿墨), 電阻器, 感測器/模組, 感測裝置, 環境感知, 深度感測, SLAM, 其他, 使用者感知, 視覺, 語音, 手勢/動作, 觸覺"
6205,詮欣,"連接線, 金屬、塑膠模具, 其他零組件, 線材, 連接器設計、組裝及製造"
6206,飛捷,工業電腦
6207,雷科,"生產製程及檢測設備, 基板, IC封裝測試, 電阻器, 電容器, 硬板、軟板、IC載板製造, 生產製程、檢測設備及原物料, 封裝/模組, 燈具/應用"
6208,日揚,生產製程及檢測設備
6209,今國光,光學鏡片、鏡頭
6210,慶生,硬板、軟板、IC載板製造
6212,理銘,建設業
6213,聯茂,銅箔基板
6214,精誠,"應用/系統軟體設計開發, 系統整合服務, 資料處理服務, 通路經銷"
6215,和椿,其他電子產品及電子服務產業
6216,居易,網路設備(如數據機、網路卡、閘道器、路由器、網路電話)
6217,中探針,連接器設計、組裝及製造
6218,豪勉,"自動化機台, 生產製程及檢測設備, 伺服器, 安全監控系統, 網路設備(如數據機、網路卡、閘道器、路由器、網路電話), 系統整合服務, 設備管理軟體, 虛擬化軟體, 雲端作業系統, 資安防護軟體, 系統整合, 顧問諮詢, 設備安裝服務, 安全營運與事件回應, 資料安全, 網頁內容安全, 雲端安全, 網路基礎設施, 網路安全防護, 物聯網安全, 端點安全防護, 身分認證與訪問管理, 行動安全, 領域解決方案, 資料庫, 分析工具, 應用軟體, 運算元件與設備, 雲端平台, 儲存處理, 生產製程、檢測設備及原物料"
6219,富旺,建設業
6220,岳豐,"電源供應器, 連接線, 線材, 自有產品(服務)銷售, 一般零售"
6221,晉泰,"伺服器, 其他電腦及週邊設備, 應用/系統軟體設計開發, 系統整合服務, 通路經銷, 電腦設備, 設備管理軟體, 虛擬化軟體, 資安防護軟體, 雲端應用服務, 系統整合, 顧問諮詢, 設備安裝服務, 儲存, 網路, IaaS, PaaS, SaaS"
6222,上揚,"光源/磊晶, 封裝/模組, 燈具/應用"
6223,旺矽,"生產製程及檢測設備, 生產製程、檢測設備及原物料"
6224,聚鼎,"其他電腦及週邊設備之零組件, 其他零組件, 電阻器, 基板組裝加工及相關製造, 銅箔基板, 生產製程、檢測設備及原物料, 燈具/應用"
6225,天瀚,"其他電腦及週邊設備, 印表機、傳真機、掃瞄器、多功能事務機、投影機, 製造商"
6226,光鼎,"封裝/模組, 燈具/應用"
6227,茂綸,IC通路
6228,全譜,"印表機、傳真機、掃瞄器、多功能事務機、投影機, 建材原料, 機電工程, 工程設計, 工程承攬, 裝潢業, 貿易商、代理商、經銷商, 零售通路, 生物檢測"
6229,研通,微控制器IC
6230,尼得科超眾,散熱片、風扇馬達、散熱模組
6231,系微,BIOS(嵌入式軟體)
6233,旺玖,"晶片組, 輸出入介面IC"
6234,高僑,"自動化機台, 整體解決方案, 生產製程及檢測設備, 輸送機械及零配件, 機電系統工程, 太陽能發電設備/系統及系統工程"
6235,華孚,"機殼, 金屬、塑膠模具, 塑膠製品"
6237,驊訊,消費性IC
6239,力成,IC封裝測試
6240,松崗,"應用/系統軟體設計開發, 其他"
6241,易通展,網路設備(如數據機、網路卡、閘道器、路由器、網路電話)
6242,立康,"原料, 加工製成品, 保健食品代理銷售及通路"
6243,迅杰,輸出入介面IC
6244,茂迪,"太陽能電池, 太陽能電池模組, 太陽能發電設備/系統及系統工程, 太陽能電廠"
6245,立端,"主機板, 工業電腦, 網路設備(如數據機、網路卡、閘道器、路由器、網路電話)"
6246,臺龍,"背光源(發光二極體、冷陰極管), 塑膠框, 背光模組, 玻璃基板"
6248,沛波,裁剪加工
6257,矽格,IC封裝測試
6259,百徽,電感器
6261,久元,"生產製程及檢測設備, IC封裝測試, 生產製程、檢測設備及原物料, 封裝/模組"
6263,普萊德,"網路設備(如數據機、網路卡、閘道器、路由器、網路電話), 光通訊設備(如光纖電纜、光傳輸設備), 無線通訊設備(如行動電話、衛星定位系統、衛星通訊設備、微波通訊設備、數位機上盒), 有線通訊設備(如電話機、傳真機), 智慧設備, 雲端平台, 電腦設備, 設備管理軟體, 營運管理軟體, 雲端應用服務, 系統整合, 資料安全, 網路基礎設施, 物聯網安全, 應用軟體, 運算元件與設備, 資服, 伺服器, 儲存, 網路, IaaS, PaaS, SaaS, IT服務"
6264,富裔,"旅館服務業, 營造業, 建設業"
6265,方土昶,IC通路
6266,泰詠,基板組裝加工及相關製造
6269,台郡,"印刷電路板, 硬板、軟板、IC載板製造, 基板組裝加工及相關製造, 銅箔基板"
6270,倍微,IC通路
6271,同欣電,"基板, IC封裝測試, IC模組, 硬板、軟板、IC載板製造, 天線/射頻基頻, 環境感知, 生產製程、檢測設備及原物料, 光源/磊晶, 封裝/模組"
6274,台燿,銅箔基板
6275,元山,"散熱片、風扇馬達、散熱模組, 其他零組件, 車用機械傳動設備及零配件, 冷凍空調設備及零件, 機電系統工程, 大功率鋰電池芯/模組、電池管理系統、動力馬達等零組件, 塑化材料"
6276,安鈦克,"記憶體, 機殼, 電源供應器, 散熱片、風扇馬達、散熱模組, 其他電腦及週邊設備"
6277,宏正,"生產製程及檢測設備, 其他電腦及週邊設備, 網路設備(如數據機、網路卡、閘道器、路由器、網路電話), 光通訊設備(如光纖電纜、光傳輸設備), 應用/系統軟體設計開發, 系統整合服務, 自有產品(服務)銷售, 其他電子產品及電子服務產業, 系統整合, 監控管理, 機器學習, 自然語言處理, 網路安全防護, 生產製程、檢測設備及原物料"
6278,台表科,"背光模組, 面板, 顯示器模組, 藍寶石晶圓/晶片, 生產製程、檢測設備及原物料, 光源/磊晶, 封裝/模組, 燈具/應用, 鋰電池材料, 大功率鋰電池芯/模組、電池管理系統、動力馬達等零組件, 電動汽車、電動機車、電動自行車, 原材料, 電池芯, 電池模組, 高/低壓輸電設施, 配電管理設施, 電網營造, 電網維運, 高壓AMI, 低壓AMI, 能源管理服務, 系統整合服務, 電力零售業"
6279,胡連,"連接器設計、組裝及製造, 其他"
6281,全國電,零售通路
6282,康舒,"電源供應器, 其他零組件, 大功率鋰電池芯/模組、電池管理系統、動力馬達等零組件, 高/低壓輸電設施, 配電管理設施"
6283,淳安,"其他電腦及週邊設備之零組件, 其他"
6284,佳邦,"主/被動元件, 電容器, 電感器, 濾波器、振盪器"
6285,啟碁,"網路設備(如數據機、網路卡、閘道器、路由器、網路電話), 無線通訊設備(如行動電話、衛星定位系統、衛星通訊設備、微波通訊設備、數位機上盒), 天線/射頻基頻"
6287,元隆,其他IC/二極體製造
6288,聯嘉,"封裝/模組, 燈具/應用"
6290,良維,連接器設計、組裝及製造
6291,沛亨,電源管理IC
6292,迅德,電感器
6294,智基,數位內容產業
6405,悅城,"其他零組件, 玻璃基板"
6409,旭隼,"其他電腦及週邊設備之零組件, 其他電子產品及電子服務產業, 太陽能發電設備/系統及系統工程"
6411,晶焱,輸出入介面IC
6412,群電,"電源供應器, 系統整合, 顧問諮詢, 領域解決方案, 智慧設備, 機器學習, 電腦視覺, 運算設備, 雲端平台, 資料處理, 燈具/應用"
6414,樺漢,工業電腦
6415,矽力*-KY,"LED驅動IC, 光源管理IC, 電源管理IC"
6416,瑞祺電通,網路設備(如數據機、網路卡、閘道器、路由器、網路電話)
6417,韋僑,無線通訊設備(如行動電話、衛星定位系統、衛星通訊設備、微波通訊設備、數位機上盒)
6418,詠昇,"連接線, 連接器設計、組裝及製造"
6419,京晨科,安全監控系統
6423,億而得-創,IP設計/IC設計代工服務
6425,易發,"自動化機台, 生產製程及檢測設備"
6426,統新,其他零組件
6432,今展科,電感器
6435,大中,電源管理IC
6438,迅得,生產製程及檢測設備
6441,廣錠,"工業電腦, 電池模組, 配電管理設施"
6442,光聖,光通訊設備(如光纖電纜、光傳輸設備)
6443,元晶,"太陽能電池, 太陽能電池模組, 太陽能電廠"
6446,藥華藥,原材料
6449,鈺邦,電容器
6461,益得,"中、西藥製劑, 藥品代理銷售及通路, 原料, 加工製成品, 保健食品代理銷售及通路, 幹細胞收集儲存, 幹細胞開發, 臨床實驗、移植技術、疾病治療"
6462,神盾,"應用/系統軟體設計開發, 端點安全防護, 身分認證與訪問管理, 消費性IC"
6464,台數科,其他
6465,威潤,無線通訊設備(如行動電話、衛星定位系統、衛星通訊設備、微波通訊設備、數位機上盒)
6469,大樹,"藥品代理銷售及通路, 保健食品代理銷售及通路, 醫療院所、醫療器材專賣店、藥局等通路"
6470,宇智,"網路IC, 微處理器, 記憶體, 主/被動元件, 印刷電路板, 塑膠/金屬機殼, 線材, 其他零組件, 網路設備(如數據機、網路卡、閘道器、路由器、網路電話), 光通訊設備(如光纖電纜、光傳輸設備), 無線通訊設備(如行動電話、衛星定位系統、衛星通訊設備、微波通訊設備、數位機上盒), 有線通訊設備(如電話機、傳真機), 電信服務業"
6472,保瑞,"中、西藥製劑, 藥品代理銷售及通路"
6477,安集,"太陽能電池模組, 太陽能電廠"
6482,弘煜科,數位內容產業
6485,點序,記憶體控制IC
6486,互動,"網路設備(如數據機、網路卡、閘道器、路由器、網路電話), 光通訊設備(如光纖電纜、光傳輸設備), 無線通訊設備(如行動電話、衛星定位系統、衛星通訊設備、微波通訊設備、數位機上盒), 系統整合服務"
6488,環球晶,晶圓製造
6491,晶碩,隱型眼鏡、光學鏡片
6492,生華科,原材料
6494,九齊,消費性IC
6496,科懋,"原材料, 中藥材、西藥原料藥, 中、西藥製劑, 藥品代理銷售及通路, 醫療院所, 保健食品代理銷售及通路"
6499,益安,醫療耗材
6504,南六,"清潔用品, 化妝品, 成衣及其它家居紡織類品, 衛生用品, 醫療耗材"
6505,台塑化,"石化上游原料及相關鑽探設備, 加油站, 汽電共生"
6506,雙邦,"接著劑(合成樹脂), 成衣及其它家居紡織類品"
6508,惠光,"塑膠製品, 農藥, 農業科技業"
6509,聚和,"清潔用品, 顏染料, 農藥, 文化用紙, 工業用紙, 原材料, 中、西藥製劑, 銅箔基板, 大功率鋰電池芯/模組、電池管理系統、動力馬達等零組件, 電池芯, 電池模組"
6510,精測,生產製程及檢測設備
6512,啟發電,"網路設備(如數據機、網路卡、閘道器、路由器、網路電話), 光通訊設備(如光纖電纜、光傳輸設備), 無線通訊設備(如行動電話、衛星定位系統、衛星通訊設備、微波通訊設備、數位機上盒)"
6515,穎崴,生產製程及檢測設備
6516,勤崴國際,"應用/系統軟體設計開發, 系統整合服務, 領域解決方案"
6517,保勝光學,光學鏡片、鏡頭
6523,達爾膚,保健食品代理銷售及通路
6526,達發,網路通訊IC
6527,明達醫,其他
6530,創威,"主/被動元件, 網路基礎設施"
6531,愛普*,記憶體IC
6532,瑞耘,生產製程及檢測設備
6533,晶心科,IP設計/IC設計代工服務
6534,正瀚-創,農藥
6535,順藥,原材料
6538,倉和,其他電子產品及電子服務產業
6541,泰福-KY,原材料
6546,正基,其他零組件
6547,高端疫苗,"中藥材、西藥原料藥, 中、西藥製劑"
6548,長科*,導線架
6550,北極星藥業-KY,"中、西藥製劑, 臨床實驗、移植技術、疾病治療"
6552,易華電,基板
6556,勝品,安全監控系統
6558,興能高,電池芯
6560,欣普羅,安全監控系統
6561,是方,"網路設備(如數據機、網路卡、閘道器、路由器、網路電話), 雲端應用服務, 系統整合, 顧問諮詢, 設備安裝服務, 網頁內容安全, 雲端安全, 網路安全防護, 領域解決方案, 資料庫, 分析工具, 應用軟體, 運算元件與設備, 雲端平台, 儲存處理, IaaS, PaaS, SaaS"
6568,宏觀,"光通訊IC, 消費性IC, 網路通訊IC, 輸出入介面IC"
6569,醫揚,"顯示器, 其他"
6570,維田,工業電腦
6574,霈方,保健食品代理銷售及通路
6576,逸達,中、西藥製劑
6577,勁豐,"塑膠框, 背光模組, 其他零組件, 電子零組件、塑膠零件、五金零件, 醫療器材研發、設計、製造, 塑化材料, 金屬零件, 體溫計、血壓計, 人工關節, 隱型眼鏡、光學鏡片, 衛生用品, 醫療耗材, 生物檢測, 顯示器, 其他"
6578,達邦蛋白,原物料
6579,研揚,"工業電腦, 其他電腦及週邊設備"
6581,鋼聯,環保潔能服務產業
6582,申豐,橡膠製品
6584,南俊國際,"其他電腦及週邊設備之零組件, 五金元件及零配件"
6585,鼎基,"塑膠製品, 其他"
6588,東典光電,其他零組件
6589,台康生技,中、西藥製劑
6590,普鴻,"應用/系統軟體設計開發, 系統整合服務, 資訊系統建置服務, 金流串接處理服務, 資料分析處理服務, 行銷廣告服務, 店點開設管理, 交易撮(媒)合, 資訊聚合, 自有產品(服務)銷售, 一般零售, 票券銷售, 支付, 資料安全"
6591,動力-KY,散熱片、風扇馬達、散熱模組
6592,和潤企業,其他
6593,台灣銘板,資料處理服務
6596,寬宏藝術,流行音樂及文化內容產業
6598,ABC-KY,"生物檢測, 醫療院所、醫療器材專賣店、藥局等通路"
6603,富強鑫,專用機械(如紡織成衣生產用機械、食品飲料生產用機械、農林用機械等)
6605,帝寶,"車燈, 其他"
6606,建德工業,"金屬加工用機械, 自動販賣機"
6609,瀧澤科,金屬加工用機械
6612,奈米醫材,"醫療耗材, 其他"
6613,朋億*,"生產製程及檢測設備, 生產製程、檢測設備及原物料"
6615,慧智,其他
6616,特昇-KY,其他
6617,共信-KY,"中藥材、西藥原料藥, 中、西藥製劑"
6625,必應,流行音樂及文化內容產業
6629,泰金-KY,製造商
6637,醫影,"醫療器材代理銷售及通路, 醫療器材代理, 醫療院所、醫療器材專賣店、藥局等通路"
6640,均華,生產製程及檢測設備
6641,基士德-KY,環保潔能服務產業
6642,富致,電阻器
6643,M31,IP設計/IC設計代工服務
6645,金萬林-創,"醫療耗材, 生物檢測, 醫療器材代理"
6649,台生材,醫療耗材
6651,全宇昕,電源管理IC
6655,科定,其他
6657,華安,原材料
6658,聯策,"生產製程及檢測設備, 系統整合, 智慧設備, 機器學習, 電腦視覺, 資料處理, 應用軟體"
6661,威健生技,"原材料, 中藥材、西藥原料藥, 中、西藥製劑, 藥品代理銷售及通路, 醫療院所, 醫療耗材, 生物檢測, 醫療器材代理"
6662,樂斯科,"中、西藥製劑, 加工製成品, 臨床實驗、移植技術、疾病治療, 生物檢測"
6664,群翊,"自動化機台, 生產製程及檢測設備, 工業用設備, 智慧設備"
6667,信紘科,"生產製程及檢測設備, 其他電子產品及電子服務產業"
6668,中揚光,光學鏡片、鏡頭
6669,緯穎,"伺服器, 運算設備"
6670,復盛應用,高爾夫球具業
6672,騰輝電子-KY,"基板組裝加工及相關製造, 銅箔基板"
6674,鋐寶科技,網路設備(如數據機、網路卡、閘道器、路由器、網路電話)
6679,鈺太,"感測裝置, 微控制器IC, 電源管理IC, 輸出入介面IC"
6680,鑫創電子,"工業電腦, 智慧設備, 運算設備, 電腦設備, 伺服器, 儲存, 網路"
6683,雍智科技,生產製程及檢測設備
6684,安格,"消費性IC, 輸出入介面IC"
6689,伊雲谷,"其他電腦及週邊設備之零組件, 其他電子產品及電子服務產業, 系統整合, 顧問諮詢, 領域解決方案, 機器學習, 雲端平台, 資料處理, 營運管理軟體, 虛擬化軟體, 雲端作業系統, 資安防護軟體, 雲端應用服務, 資料安全, 網頁內容安全, 雲端安全, 資安顧問服務, 資料庫, 分析工具, 應用軟體, 儲存處理, IaaS, PaaS, SaaS"
6690,安碁資訊,"系統整合服務, 安全營運與事件回應, 資安治理, 資料安全, 網頁內容安全, 雲端安全, 網路基礎設施, 網路安全防護, 物聯網安全, 端點安全防護, 身分認證與訪問管理, 行動安全, 資安防護能力分析與鑑識服務, 資安營運管理服務, 資安顧問服務"
6691,洋基工程,其他電子產品及電子服務產業
6692,進能服,太陽能發電設備/系統及系統工程
6693,廣閎科,電源管理IC
6695,芯鼎,"IP設計/IC設計代工服務, 機器學習, 電腦視覺, 消費性IC"
6697,東捷資訊,"系統整合服務, 系統整合, 顧問諮詢, 資料處理, 虛擬化軟體, 雲端應用服務, 資料安全, 網路基礎設施, 網路安全防護, 端點安全防護, 資安防護能力分析與鑑識服務, 資安營運管理服務, 資安顧問服務, 領域解決方案, 雲端平台, IaaS, PaaS, SaaS"
6698,旭暉應材,其他電子產品及電子服務產業
6703,軒郁,"自有產品(服務)銷售, 一般零售, 保健食品代理銷售及通路"
6706,惠特,"生產製程及檢測設備, 其他電子產品及電子服務產業, 生產製程、檢測設備及原物料"
6708,天擎,"網路通訊IC, PaaS, SaaS"
6712,長聖,"幹細胞收集儲存, 幹細胞開發, 臨床實驗、移植技術、疾病治療"
6716,應廣,微控制器IC
6719,力智,電源管理IC
6720,久昌,消費性IC
6721,信實,"環保潔能服務產業, 其他"
6727,亞泰金屬,生產製程及檢測設備
6728,上洋,"貿易商、代理商、經銷商, 其他"
6732,昇佳電子,光源管理IC
6733,博晟生醫,醫療耗材
6735,美達科技,"生產製程及檢測設備, 其他電子產品及電子服務產業"
6739,竹陞科技,"自動化機台, 其他電子產品及電子服務產業, 系統整合, 顧問諮詢, 領域解決方案, 智慧設備, 設備管理軟體, 營運管理軟體, 虛擬化軟體, 設備安裝服務, 安全營運與事件回應, 資料庫, 分析工具, 應用軟體, 控制器, 工業型機器人, AGV及AMR, PaaS"
6741,91APP*-KY,"資訊系統建置服務, 金流串接處理服務, 資料分析處理服務, 行銷廣告服務, 店點開設管理, 交易撮(媒)合, 資訊聚合, 支付, 數據分析, 資料聚合, 顧問諮詢, 領域解決方案, 智慧設備, 機器學習, 自然語言處理, 雲端平台, 資料處理, 設備管理軟體, 營運管理軟體, 虛擬化軟體, 雲端作業系統, 資安防護軟體, 系統整合, 資料庫, 分析工具, 應用軟體, SaaS"
6742,澤米,"光學鏡片、鏡頭, 光學元件/模組, 環境感知, 深度感測, 視覺"
6743,安普新,"其他電腦及週邊設備之零組件, 其他零組件, 其他電子產品及電子服務產業"
6747,亨泰光,"隱型眼鏡、光學鏡片, 醫療器材代理"
6751,智聯服務,系統整合服務
6752,叡揚,"應用/系統軟體設計開發, 系統整合, 顧問諮詢, 領域解決方案, 智慧設備, 機器學習, 電腦視覺, 自然語言處理, 移動控制, 運算設備, 雲端平台, 資料處理, 電腦設備, 電力設備, 冷卻設備, 設備管理軟體, 營運管理軟體, 虛擬化軟體, 雲端作業系統, 資安防護軟體, 雲端應用服務, 設備安裝服務, 安全營運與事件回應, 資安治理, 資料安全, 網頁內容安全, 雲端安全, 網路基礎設施, 網路安全防護, 物聯網安全, 端點安全防護, 身分認證與訪問管理, 行動安全, 資安防護能力分析與鑑識服務, 資安營運管理服務, 資安顧問服務, 伺服器, 儲存, 網路, IaaS, PaaS, SaaS"
6753,龍德造船,其他
6754,匯僑設計,"裝潢業, 其他"
6756,威鋒電子,"消費性IC, 電源管理IC, 輸出入介面IC"
6757,台灣虎航,海陸空大眾運輸
6761,穩得,其他電子產品及電子服務產業
6762,達亞,醫療耗材
6763,綠界科技*,"金流串接處理服務, 支付"
6767,台微醫,"人工關節, 其他"
6770,力積電,"晶圓製造, DRAM製造"
6771,平和環保-創,環保潔能服務產業
6776,展碁國際,"文化印刷業, 環保潔能服務產業, 其他電子產品及電子服務產業, 其他, 特殊照明業, 農業科技業"
6782,視陽,隱型眼鏡、光學鏡片
6785,昱展新藥,中、西藥製劑
6788,華景電,生產製程及檢測設備
6789,采鈺,生產製程及檢測設備
6790,永豐實,"紙漿、紙類原料, 銷售、進出口業務, 其他, 家庭用紙"
6791,虎門科技,"系統整合服務, 領域解決方案, SaaS"
6792,詠業,"主/被動元件, 其他零組件, 無線通訊設備(如行動電話、衛星定位系統、衛星通訊設備、微波通訊設備、數位機上盒)"
6794,向榮生技-創,"幹細胞收集儲存, 幹細胞開發, 臨床實驗、移植技術、疾病治療"
6796,晉弘,其他
6799,來頡,電源管理IC
6803,崑鼎,環保潔能服務產業
6804,明係,休閒車業
6805,富世達,機構樞紐
6806,森崴能源,"太陽能發電設備/系統及系統工程, 太陽能電廠, 風場規劃, 風場營造, 風機維護, 風場開發, 發電營運"
6811,宏碁資訊,"應用/系統軟體設計開發, 系統整合服務, 資料處理服務, 通路經銷, 系統整合, 顧問諮詢, 領域解決方案, 雲端平台, 資料處理, 設備管理軟體, 營運管理軟體, 虛擬化軟體, 雲端作業系統, 資安防護軟體, 設備安裝服務, 資料庫, 分析工具, 應用軟體, 儲存處理, 資服, IaaS, PaaS, IT服務, 工作流程引導, 其他"
6821,聯寶,"電感器, 濾波器、振盪器"
6823,濾能,生產製程及檢測設備
6829,千附精密,"生產製程及檢測設備, 其他零組件, 金屬加工處理"
6830,汎銓,其他電子產品及電子服務產業
6834,天二科技,電阻器
6835,圓裕,"連接器設計、組裝及製造, 硬板、軟板、IC載板製造"
6838,台新藥,"原材料, 中藥材、西藥原料藥, 中、西藥製劑, 藥品代理銷售及通路, 醫療院所, 電子零組件、塑膠零件、五金零件, 醫療器材研發、設計、製造, 醫療器材代理銷售及通路, 原料, 加工製成品, 保健食品代理銷售及通路, 幹細胞收集儲存, 幹細胞開發, 臨床實驗、移植技術、疾病治療, 塑化材料, 金屬零件, 體溫計、血壓計, 人工關節, 隱型眼鏡、光學鏡片, 衛生用品, 醫療耗材, 生物檢測, 顯示器, 其他, 醫療器材代理, 醫療院所、醫療器材專賣店、藥局等通路"
6840,東研信超,其他電子產品及電子服務產業
6841,長佳智能,"領域解決方案, 生物檢測"
6843,進典,輸送機械及零配件
6844,諾貝兒,"藥品代理銷售及通路, 保健食品代理銷售及通路, 醫療院所、醫療器材專賣店、藥局等通路"
6846,綠茵,"原物料, 加工食品, 營養食品, 原料, 加工製成品"
6855,數泓科,其他電子產品及電子服務產業
6856,鑫傳,"一般零售, 廣播電視/電影產業, 流行音樂及文化內容產業"
6859,伯特光,光學鏡片、鏡頭
6861,睿生光電,生物檢測
6865,偉康科技,"監理法遵, 數據分析, 資料聚合, 數位身分, 系統整合, 顧問諮詢, 領域解決方案, 智慧設備, 機器學習, 電腦視覺, 自然語言處理, 移動控制, 運算設備, 雲端平台, 資料處理, 設備管理軟體, 營運管理軟體, 虛擬化軟體, 雲端作業系統, 資安防護軟體, 雲端應用服務, 設備安裝服務, 安全營運與事件回應, 資安治理, 資料安全, 網頁內容安全, 雲端安全, 網路基礎設施, 網路安全防護, 物聯網安全, 端點安全防護, 身分認證與訪問管理, 行動安全, 資安防護能力分析與鑑識服務, 資安營運管理服務, 資安顧問服務, 資料庫, 分析工具, 應用軟體, 運算元件與設備, 儲存處理, IaaS, PaaS, SaaS"
6869,雲豹能源,"太陽能發電設備/系統及系統工程, 太陽能電廠, 風場開發, 發電營運, 能源管理服務, 系統整合服務, 電力零售業"
6870,騰雲,"應用/系統軟體設計開發, 系統整合服務, 資訊系統建置服務, 金流串接處理服務, 資料分析處理服務, 行銷廣告服務, 店點開設管理, 資訊聚合, 支付, 數據分析, 資料聚合, 系統整合, 顧問諮詢, 領域解決方案, 智慧設備, 機器學習, 自然語言處理, 雲端平台, 資料處理, 雲端應用服務, 分析工具, 應用軟體, IaaS, PaaS, SaaS"
6873,泓德能源,"太陽能發電設備/系統及系統工程, 太陽能電廠, 風場開發, 發電營運, 能源管理服務, 系統整合服務, 電力零售業"
6874,倍力,"應用/系統軟體設計開發, 系統整合服務, 資料處理服務, 通路經銷"
6875,國邑*,中、西藥製劑
6877,鏵友益,"生產製程及檢測設備, 其他電子產品及電子服務產業, 智慧設備"
6881,潤德,其他
6885,全福生技,"原材料, 中、西藥製劑"
6894,衛司特,環保潔能服務產業
6895,宏碩系統,生產製程及檢測設備
6899,創為精密,"膠材, 觸控面板"
6901,鑽石投資,其他
6903,巨漢,其他電子產品及電子服務產業
6904,伯鑫,其他
6906,現觀科,"應用/系統軟體設計開發, 資料處理服務, 雲端平台, 資料處理, 領域解決方案, 資料庫, 分析工具, 應用軟體, 儲存處理"
6913,鴻呈,"連接線, 線材, 連接器設計、組裝及製造, 電子零組件、塑膠零件、五金零件, 塑化材料, 金屬零件"
6914,阜爾運通,其他
6916,華凌,"面板, 顯示器模組"
6919,康霈*,原材料
6922,宸曜,工業電腦
6923,中台,環保潔能服務產業
6928,攸泰科技,工業電腦
6929,佑全,醫療院所、醫療器材專賣店、藥局等通路
6937,天虹,生產製程及檢測設備
6949,沛爾生醫-創,"幹細胞收集儲存, 幹細胞開發, 臨床實驗、移植技術、疾病治療"
6951,青新-創,環保潔能服務產業
6952,大武山,農業科技業
6953,家碩,生產製程及檢測設備
6955,邦睿生技-創,"醫療耗材, 生物檢測"
6958,日盛台駿,其他
6967,汎瑋材料,"其他電腦及週邊設備之零組件, 其他零組件"
6968,萬達寵物,"貿易商、代理商、經銷商, 零售通路"
6982,大井泵浦,傳動元件
6996,力領科技,平面顯示器驅動IC
6997,博弘,"通路經銷, 系統整合, 顧問諮詢, 領域解決方案, 智慧設備, 機器學習, 電腦視覺, 自然語言處理, 移動控制, 雲端平台, 資料處理, 營運管理軟體, 虛擬化軟體, 雲端作業系統, 資安防護軟體, 資料庫, 分析工具, 應用軟體, 儲存處理, IaaS"
7402,邑錡,其他電腦及週邊設備
7556,意德士,生產製程及檢測設備
7584,樂意,"數位內容產業, 營運發行"
7703,銳澤,"生產製程及檢測設備, 其他電子產品及電子服務產業"
7704,明遠精密,生產製程及檢測設備
7705,三商餐飲,餐飲連鎖
7708,全家餐飲,餐飲連鎖
7712,博盛半導體,電源管理IC
7722,LINEPAY,"金流串接處理服務, 行銷廣告服務, 票券銷售, 支付"
8011,台通,"主/被動元件, 線材, 光通訊設備(如光纖電纜、光傳輸設備)"
8016,矽創,"光源管理IC, 消費性IC, 電源管理IC, 平面顯示器驅動IC, 影像感測IC"
8021,尖點,其他電子產品及電子服務產業
8024,佑華,"消費性IC, 微控制器IC"
8027,鈦昇,"自動化機台, 生產製程及檢測設備, 專用機械(如紡織成衣生產用機械、食品飲料生產用機械、農林用機械等)"
8028,昇陽半導體,晶圓製造
8032,光菱,IC通路
8033,雷虎,其他
8034,榮群,"網路設備(如數據機、網路卡、閘道器、路由器、網路電話), 光通訊設備(如光纖電纜、光傳輸設備), 有線通訊設備(如電話機、傳真機), 其他電子產品及電子服務產業"
8038,長園科,"鋰電池材料, 大功率鋰電池芯/模組、電池管理系統、動力馬達等零組件, 原材料, 電池芯, 電池模組"
8039,台虹,銅箔基板
8040,九暘,網路通訊IC
8042,金山電,電容器
8043,蜜望實,電容器
8044,網家,"物流倉儲服務, 資訊系統建置服務, 金流串接處理服務, 資料分析處理服務, 行銷廣告服務, 店點開設管理, 資訊聚合, 一般零售, 票券銷售"
8045,達運光電,光通訊設備(如光纖電纜、光傳輸設備)
8046,南電,硬板、軟板、IC載板製造
8047,星雲,其他電子產品及電子服務產業
8048,德勝,"網路設備(如數據機、網路卡、閘道器、路由器、網路電話), 光通訊設備(如光纖電纜、光傳輸設備), 無線通訊設備(如行動電話、衛星定位系統、衛星通訊設備、微波通訊設備、數位機上盒)"
8049,晶采,顯示器模組
8050,廣積,工業電腦
8054,安國,"IC模組, IP設計/IC設計代工服務, 儲存處理, 消費性IC, 輸出入介面IC, 儲存"
8059,凱碩,網路設備(如數據機、網路卡、閘道器、路由器、網路電話)
8064,東捷,生產製程及檢測設備
8066,來思達,貿易商、代理商、經銷商
8067,志旭,IC通路
8068,全達,IC通路
8069,元太,"面板, 電子書"
8070,長華*,"生產製程及檢測設備, 基板, 導線架, 背光源(發光二極體、冷陰極管), 擴散膜、增亮膜、導光板, 驅動IC, 膠材, 生產製程、檢測設備及原物料, 燈具/應用, 太陽能發電設備/系統及系統工程, 太陽能電廠"
8071,能率網通,"印表機、傳真機、掃瞄器、多功能事務機、投影機, 電阻器, 電容器, 電感器, 濾波器、振盪器, 運動用品, 隱型眼鏡、光學鏡片"
8072,陞泰,其他電子產品及電子服務產業
8074,鉅橡,硬板、軟板、IC載板製造
8076,伍豐,工業電腦
8077,洛碁,旅館服務業
8080,印鉐,基礎工程
8081,致新,電源管理IC
8083,瑞穎,"輸送機械及零配件, 車用機械傳動設備及零配件"
8084,巨虹,"IC通路, 記憶體"
8085,福華,"其他電腦及週邊設備, 背光模組, 顯示器模組, 電阻器, 封裝/模組, 燈具/應用"
8086,宏捷科,晶圓製造
8087,麗升能源,"太陽能發電設備/系統及系統工程, 太陽能電廠"
8088,品安,"IC模組, 記憶體, 隨身碟、記憶卡讀卡機"
8089,康全電訊,"網路設備(如數據機、網路卡、閘道器、路由器、網路電話), 光通訊設備(如光纖電纜、光傳輸設備)"
8091,翔名,"生產製程及檢測設備, 生產製程、檢測設備及原物料"
8092,建暐,"生產製程及檢測設備, 金屬加工用機械, 專用機械(如紡織成衣生產用機械、食品飲料生產用機械、農林用機械等)"
8093,保銳,電源供應器
8096,擎亞,"IC通路, 中央處理器, 網路IC, 微處理器, 記憶體"
8097,常珵,網路設備(如數據機、網路卡、閘道器、路由器、網路電話)
8099,大世科,"筆記型電腦, 桌上型電腦, 伺服器, 其他電腦及週邊設備, 網路設備(如數據機、網路卡、閘道器、路由器、網路電話), 有線通訊設備(如電話機、傳真機), 應用/系統軟體設計開發, 系統整合服務, 資料處理服務, 通路經銷, 系統整合, 領域解決方案, 機器學習, 自然語言處理, 運算設備, 雲端平台, 資料處理, 設備管理軟體, 營運管理軟體, 虛擬化軟體, 雲端作業系統, 資安防護軟體, 雲端應用服務, 顧問諮詢, 設備安裝服務, 分析工具, 應用軟體, 資服, IaaS, PaaS, SaaS, IT服務"
8101,華冠,"其他零組件, 無線通訊設備(如行動電話、衛星定位系統、衛星通訊設備、微波通訊設備、數位機上盒)"
8103,瀚荃,"連接線, 連接器設計、組裝及製造"
8104,錸寶,"面板, 顯示器模組"
8105,凌巨,"面板, 顯示器模組, 觸控面板"
8107,大億金茂,其他
8109,博大,"IC封裝測試, 其他零組件, 電控元件, 海陸空大眾運輸, 其他電子產品及電子服務產業, 電子零組件、塑膠零件、五金零件, 生產製程、檢測設備及原物料, 大功率鋰電池芯/模組、電池管理系統、動力馬達等零組件, 太陽能電池模組, 太陽能發電設備/系統及系統工程, 電池模組, 塑化材料, 金屬零件"
8110,華東,IC封裝測試
8111,立碁,"封裝/模組, 燈具/應用"
8112,至上,IC通路
8114,振樺電,其他電腦及週邊設備
8121,越峰,電感器材料(如鐵氧體、導電漿墨)
8131,福懋科,"IC封裝測試, IC模組"
8147,正淩,連接器設計、組裝及製造
8150,南茂,IC封裝測試
8155,博智,硬板、軟板、IC載板製造
8162,微矽電子-創,IC封裝測試
8163,達方,"其他電腦及週邊設備之零組件, 其他零組件"
8171,天宇,"其他零組件, 大功率鋰電池芯/模組、電池管理系統、動力馬達等零組件, 電池模組"
8176,智捷,網路設備(如數據機、網路卡、閘道器、路由器、網路電話)
8182,加高,濾波器、振盪器
8183,精星,"基板組裝加工及相關製造, 大功率鋰電池芯/模組、電池管理系統、動力馬達等零組件, 顯示器"
8201,無敵,其他電子產品及電子服務產業
8210,勤誠,"機殼, 伺服器"
8213,志超,硬板、軟板、IC載板製造
8215,明基材,"其他零組件, 鋰電池材料, 原材料"
8222,寶一,金屬加工處理
8227,巨有科技,IP設計/IC設計代工服務
8234,新漢,工業電腦
8240,華宏,"散熱片、風扇馬達、散熱模組, 稜鏡片, 擴散膜、增亮膜、導光板, ITO導電薄膜, 塑膠/金屬機殼, 塑膠材料, 玻璃纖維/玻纖布, 環氧樹脂"
8249,菱光,其他電腦及週邊設備之零組件
8255,朋程,"車用機械傳動設備及零配件, 大功率鋰電池芯/模組、電池管理系統、動力馬達等零組件"
8261,富鼎,"電源管理IC, 電動汽車、電動機車、電動自行車, 原材料"
8271,宇瞻,"IC模組, 記憶體, 隨身碟、記憶卡讀卡機"
8272,全景軟體,"資料安全, 雲端安全, 網路安全防護, 物聯網安全, 端點安全防護, 身分認證與訪問管理, 行動安全"
8277,商丞,"IC模組, 記憶體, 電腦設備, 資料安全, 網頁內容安全, 雲端安全, 身分認證與訪問管理, 伺服器, 儲存, 網路"
8279,生展,"原料, 加工製成品, 保健食品代理銷售及通路"
8284,三竹,"應用/系統軟體設計開發, 系統整合服務, 資訊系統建置服務, 資料分析處理服務, 行銷廣告服務, 資訊聚合, 理財投資"
8289,泰藝,濾波器、振盪器
8291,尚茂,銅箔基板
8299,群聯,"IC模組, IC通路, IP設計/IC設計代工服務, 記憶體, 隨身碟、記憶卡讀卡機, 其他電腦及週邊設備之零組件, 記憶體控制IC"
8341,日友,環保潔能服務產業
8342,益張,其他
8349,恒耀,"螺絲螺帽, 大功率鋰電池芯/模組、電池管理系統、動力馬達等零組件"
8354,冠好,其他
8358,金居,"銅箔, 鋰電池材料"
8367,建新國際,"貨櫃航運, 散裝航運"
8374,羅昇,"生產製程及檢測設備, 其他電腦及週邊設備之零組件, 手工具機, 機電系統工程, 其他電子產品及電子服務產業, 系統整合, 智慧設備, 機器學習, 電腦視覺, 移動控制, 設備管理軟體, 營運管理軟體, 虛擬化軟體, 顧問諮詢, 生產製程、檢測設備及原物料, 太陽能發電設備/系統及系統工程, 能源管理服務, 系統整合服務, 電力零售業"
8383,千附,"生產製程及檢測設備, 其他零組件, 機電系統工程, 金屬加工處理, 機電工程, 工程設計, 工程承攬, 其他"
8390,金益鼎,環保潔能服務產業
8401,白紗科,文化印刷業
8403,盛弘,"藥品代理銷售及通路, 保健食品代理銷售及通路, 醫療器材代理, 醫療院所、醫療器材專賣店、藥局等通路"
8404,百和興業-KY,成衣及其它家居紡織類品
8409,商之器,其他
8410,森田,機殼
8411,福貞-KY,"金屬製品, 其他"
8415,大國鋼,"螺絲螺帽, 零售通路"
8416,實威,系統整合服務
8421,旭源,"專用機械(如紡織成衣生產用機械、食品飲料生產用機械、農林用機械等), 其他"
8422,可寧衛,環保潔能服務產業
8423,保綠-KY,環保潔能服務產業
8424,惠普,建材原料
8426,紅木-KY,其他
8429,金麗-KY,"成衣及其它家居紡織類品, 製造商"
8431,匯鑽科,"電鍍材料, 其他"
8432,東生華,藥品代理銷售及通路
8433,弘帆,貿易商、代理商、經銷商
8435,鉅邁,"環保潔能服務產業, 其他"
8436,大江,加工製成品
8437,大地-KY,其他
8438,昶昕,"生產製程及檢測設備, 其他"
8440,綠電,環保潔能服務產業
8443,阿瘦,零售通路
8444,綠河-KY,其他
8446,華研,"文化印刷業, 流行音樂及文化內容產業"
8450,霹靂,流行音樂及文化內容產業
8454,富邦媒,"物流倉儲服務, 店點開設管理, 一般零售, 票券銷售, 貿易商、代理商、經銷商, 廣播電視/電影產業"
8455,大拓-KY,其他電腦及週邊設備之零組件
8462,柏文,娛樂服務業
8463,潤泰材,"水泥生料, 水泥熟料, 水泥成品, 建材原料, 其他, 其他配件"
8464,億豐,其他
8472,夠麻吉,"原物料, 一般零售, 票券銷售, 零售通路"
8473,山林水,環保潔能服務產業
8476,台境*,環保潔能服務產業
8477,創業家,一般零售
8478,東哥遊艇,其他
8481,政伸,"高爾夫球具業, 休閒車業, 其他"
8487,愛爾達-創,廣播電視/電影產業
8489,三貝德,"其他, 數位內容產業"
8905,裕國,"原物料, 加工食品, 冷凍、罐頭、脫水、醃漬食品, 建設業, 其他"
8906,花王,文化印刷業
8908,欣雄,天然瓦斯供應
8916,光隆,"成衣及其它家居紡織類品, 製造商, 零售通路"
8917,欣泰,天然瓦斯供應
8921,沈氏,文化印刷業
8923,時報,出版產業
8924,大田,"高爾夫球具業, 運動用品"
8926,台汽電,"汽電共生, 太陽能發電設備/系統及系統工程, 太陽能電廠, 營造設置, 發電營運, 風場規劃, 風場營造, 風機維護, 風場開發, 電力零售業"
8927,北基,加油站
8928,鉅明,高爾夫球具業
8929,富堡,衛生用品
8930,青鋼,"金屬製品, 建材原料"
8931,大汽電,汽電共生
8932,智通*,其他
8933,愛地雅,"休閒車業, 電動汽車、電動機車、電動自行車"
8935,邦泰,塑膠製品
8936,國統,"製管, 營造業"
8937,合騏,"休閒車業, 電動汽車、電動機車、電動自行車"
8938,明安,高爾夫球具業
8940,新天地,餐飲連鎖
8941,關中,"製造商, 貿易商、代理商、經銷商, 零售通路"
8942,森鉅,"個人、民間企業、政府機構, 其他"
8996,高力,油空壓元件
9802,鈺齊-KY,其他
9902,台火,其他
9904,寶成,其他
9905,大華,其他
9906,欣巴巴,建設業
9907,統一實,"冷熱軋鋼板捲, 金屬製品, 其他"
9908,大台北,天然瓦斯供應
9910,豐泰,其他
9911,櫻花,其他
9912,偉聯,"其他電腦及週邊設備, 監視器/顯示器"
9914,美利達,"休閒車業, 電動汽車、電動機車、電動自行車"
9917,中保科,"加工食品, 餐飲連鎖, 工程承攬, 物業管理, 海陸空貨運承攬, 貨櫃運輸集散及倉儲, 其他, 網路基礎設施, 網路安全防護, 物聯網安全, 端點安全防護, 資安防護能力分析與鑑識服務, 資安營運管理服務, 資安顧問服務, 系統整合服務, 醫療器材代理"
9918,欣天然,天然瓦斯供應
9919,康那香,"清潔用品, 化妝品, 成衣及其它家居紡織類品, 其他, 衛生用品, 醫療耗材"
9921,巨大,休閒車業
9924,福興,"金屬製品, 模具"
9925,新保,其他
9926,新海,天然瓦斯供應
9927,泰銘,其他
9928,中視,廣播電視/電影產業
9929,秋雨,文化印刷業
9930,中聯資源,環保潔能服務產業
9931,欣高,天然瓦斯供應
9933,中鼎,"工程承攬, 營造設置, 其他配件"
9934,成霖,其他
9935,慶豐富,其他
9937,全國,加油站
9938,百和,其他
9939,宏全,塑膠製品
9940,信義,其他
9941,裕融,其他
9942,茂順,其他
9943,好樂迪,娛樂服務業
9944,新麗,"成衣及其它家居紡織類品, 其他"
9945,潤泰新,"結構工程, 機電工程, 工程設計, 營造業, 建設業, 裝潢業, 物業管理"
9946,三發地產,"建設業, 零售通路"
9949,琉園,"文化印刷業, 工藝產業"
9950,萬國通,塑膠製品
9951,皇田,"車用機械傳動設備及零配件, 其他"
9955,佳龍,環保潔能服務產業
9958,世紀鋼,"工程承攬, 塔架, 電纜, 其他配件"
9960,邁達康,高爾夫球具業
9962,有益,冷熱軋不鏽鋼板捲
3085,新零售,"物流倉儲服務, 行銷廣告服務, 自有產品(服務)銷售, 一般零售"
3684,榮昌,無線通訊設備(如行動電話、衛星定位系統、衛星通訊設備、微波通訊設備、數位機上盒)
4584,君帆,"傳動元件, 電控元件, 油空壓元件, 車用機械傳動設備及零配件"
6542,隆中,"線上遊戲業, 設計開發, 營運發行"
6624,萬年清,環保潔能服務產業
6654,天正國際,其他電子產品及電子服務產業
2949,欣新網,"物流倉儲服務, 資訊系統建置服務, 金流串接處理服務, 資料分析處理服務, 行銷廣告服務, 店點開設管理, 一般零售"
5601,台聯櫃,貨櫃運輸集散及倉儲
6236,中湛,"網路安全防護, 端點安全防護, 資安防護能力分析與鑑識服務"
2941,米斯特,零售通路
2740,天蔥,餐飲連鎖
6222,立軒,"光源/磊晶, 封裝/模組, 燈具/應用"
7732,金興精密,車用機械傳動設備及零配件
6931,青松健康,"醫療器材代理銷售及通路, 醫療器材代理, 醫療院所、醫療器材專賣店、藥局等通路"
6994,富威電力,"環保潔能服務產業, 太陽能發電設備/系統及系統工程, 能源管理服務, 系統整合服務, 電力零售業"
7714,創泓科技,"網路設備(如數據機、網路卡、閘道器、路由器、網路電話), 系統整合服務, 通路經銷, 數據分析, 數位身分, 系統整合, 顧問諮詢, 領域解決方案, 機器學習, 自然語言處理, 雲端平台, 資料處理, 設備管理軟體, 營運管理軟體, 資安防護軟體, 安全營運與事件回應, 資安治理, 資料安全, 網頁內容安全, 雲端安全, 網路基礎設施, 網路安全防護, 物聯網安全, 端點安全防護, 身分認證與訪問管理, 行動安全, 資安防護能力分析與鑑識服務, 資安營運管理服務, 資安顧問服務, SaaS"
7715,裕山,環保潔能服務產業
4749,新應材,"化學品, 化學品(如光阻劑、靶材等), 生產製程、檢測設備及原物料"
8080,泰霖,基礎工程
4804,大略-KY,其他
7713,威力德生醫,"保健食品代理銷售及通路, SaaS, 醫療器材代理"
7709,榮田,"自動化機台, 金屬加工用機械"
3226,龍鋒,"車用機械傳動設備及零配件, 車燈, 其他"
7734,印能科技,生產製程及檢測設備
7728,光焱科技,"生產製程及檢測設備, 其他電子產品及電子服務產業"
6872,浩宇生醫,其他
2248,華勝-KY,"汽車零配件生產, 傳動元件, 車燈, 輪胎, 鈑金, 鋁合金鋼圈, 引擎蓋, 保險桿, 其他"
7631,聚賢研發-創,"生產製程及檢測設備, 其他電子產品及電子服務產業"
7718,友鋮,其他
7736,虎山,車用機械傳動設備及零配件
3467,台灣精材,生產製程及檢測設備
5314,世紀*,裝潢業
4950,金耘國際,"不鏽鋼棒線, 裁剪加工"
6936,永鴻生技,農業科技業
7723,築間,餐飲連鎖
6597,立誠,"其他零組件, 硬板、軟板、IC載板製造, 生產製程、檢測設備及原物料"
6498,久禾光,光學鏡片、鏡頭
7743,金利食安,加工食品
6909,創控,生產製程及檢測設備
7642,昶瑞機電,"電控元件, 機電系統工程"
1295,生合,原物料
6925,意藍,"應用/系統軟體設計開發, 系統整合服務, 資料處理服務, 資訊系統建置服務, 資料分析處理服務, 行銷廣告服務, 資訊聚合, 系統整合, 顧問諮詢, 領域解決方案, 機器學習, 自然語言處理, 雲端平台, 資料處理, 資料庫, 分析工具, 應用軟體, SaaS"
6944,兆聯實業,"環保潔能服務產業, 其他電子產品及電子服務產業"
6918,愛派司,"其他, 醫療器材代理"
7740,熙特爾-創,"能源管理服務, 系統整合服務"
7747,昕奇雲端,"通路經銷, 系統整合, 領域解決方案, 雲端平台, 設備管理軟體, 虛擬化軟體, 雲端作業系統, 資安防護軟體, 安全營運與事件回應, 資料安全, 網頁內容安全, 雲端安全, 網路基礎設施, 網路安全防護, 物聯網安全, 端點安全防護, 身分認證與訪問管理, 資安顧問服務, 資料庫, 分析工具, 應用軟體, IaaS, SaaS"
7547,碩網,"應用/系統軟體設計開發, 系統整合服務, 資料處理服務, 系統整合, 顧問諮詢, 領域解決方案, 機器學習, 自然語言處理, 雲端平台, 資料處理, 營運管理軟體, 雲端應用服務, 應用軟體, IaaS, PaaS, SaaS"
7721,微程式,"資訊系統建置服務, 金流串接處理服務, 資料分析處理服務, 資訊聚合"
3135,凌航,"IC模組, 記憶體, 運算元件與設備"
7753,星亞,燈具/應用
5345,馥鴻,其他電子產品及電子服務產業
4166,友霖,中、西藥製劑
7751,竑騰,"生產製程及檢測設備, IC封裝測試"
7765,中華資安,"應用/系統軟體設計開發, 系統整合服務, 資料處理服務, 通路經銷, 資訊系統建置服務, 資料分析處理服務, 營運管理軟體, 資安防護軟體, 系統整合, 顧問諮詢, 設備安裝服務, 安全營運與事件回應, 資安治理, 資料安全, 網頁內容安全, 雲端安全, 網路基礎設施, 網路安全防護, 物聯網安全, 端點安全防護, 身分認證與訪問管理, 行動安全, 資安防護能力分析與鑑識服務, 資安營運管理服務, 資安顧問服務, 儲存, 網路, SaaS"
4441,振大環球,成衣及其它家居紡織類品
7610,聯友金屬-創,其他
7780,大研生醫,保健食品代理銷售及通路
7799,禾榮科,其他
7750,新代,電控元件
4585,達明,"應用/系統軟體設計開發, 系統整合服務, 其他電子產品及電子服務產業, 系統整合, 智慧設備, 機器學習, 電腦視覺"
6971,惠民實業,環保潔能服務產業
6794,向榮生技,"幹細胞收集儲存, 幹細胞開發, 臨床實驗、移植技術、疾病治療"
7738,東聯互動,支付
7788,松川精密,"電控元件, 其他, 大功率鋰電池芯/模組、電池管理系統、動力馬達等零組件"
7757,金色三麥,餐飲連鎖
8422,可寧衛*,環保潔能服務產業
7791,皇家可口,加工食品
7730,暉盛-創,生產製程及檢測設備
7786,東方風能,"風場規劃, 風場營造, 風機維護"
7711,永擎,伺服器
3158,嘉實,"應用/系統軟體設計開發, 系統整合服務, 理財投資"
6474,華豫寧,IC通路
6614,資拓宏宇,"應用/系統軟體設計開發, 系統整合服務, 資料處理服務, 通路經銷, 資料分析處理服務, 交易撮(媒)合, 資訊聚合, 自有產品(服務)銷售, 數位銀行, 監理法遵, 數據分析, 系統整合, 顧問諮詢, 領域解決方案, 機器學習, 電腦視覺, 自然語言處理, 雲端平台, 電腦設備, 設備管理軟體, 營運管理軟體, 虛擬化軟體, 雲端作業系統, 資安防護軟體, 設備安裝服務, 雲端安全, 網路基礎設施, 網路安全防護, 身分認證與訪問管理, 資安防護能力分析與鑑識服務, 資安顧問服務, 資料庫, 分析工具, 應用軟體, 儲存處理, 伺服器, 儲存, 網路, IaaS, SaaS, 工作流程引導, 顧問, 能源管理服務, 醫療器材代理"
6831,邁科,散熱片、風扇馬達、散熱模組
7716,昱臺國際,海陸空貨運承攬
7782,光速火箭,"資訊系統建置服務, 行銷廣告服務, 自有產品(服務)銷售, 一般零售, 零售通路"
7744,崴寶,"機殼, 塑膠/金屬機殼, 五金元件及零配件, 其他, 電子零組件、塑膠零件、五金零件, 大功率鋰電池芯/模組、電池管理系統、動力馬達等零組件, 塑化材料, 金屬零件"
7769,鴻勁,生產製程及檢測設備
6730,常廣,醫療耗材
7767,仁大資訊,"筆記型電腦, 桌上型電腦, 伺服器, 其他電腦及週邊設備, 系統整合服務, 通路經銷"
7770,君曜,消費性IC
6910,德鴻,"應用/系統軟體設計開發, 系統整合服務, 資料處理服務, 通路經銷, 資訊系統建置服務, 保險, 數位銀行, 監理法遵, 數據分析, 系統整合, 顧問諮詢, 領域解決方案, 機器學習, 自然語言處理, 運算設備, 雲端平台, 資料處理, 營運管理軟體, 虛擬化軟體, 設備安裝服務, 分析工具, 應用軟體, PaaS, SaaS"
6884,海柏特,"筆記型電腦, 桌上型電腦, 工業電腦, 精簡型電腦, 印表機、傳真機、掃瞄器、多功能事務機、投影機, 無線通訊設備(如行動電話、衛星定位系統、衛星通訊設備、微波通訊設備、數位機上盒), 其他電子產品及電子服務產業"
6272,驊陞,連接器設計、組裝及製造
7777,能率亞洲,其他
7805,威聯通,"電腦設備, 伺服器, 儲存, 網路"
8102,傑霖科技,消費性IC
6620,漢達,中、西藥製劑
7810,捷創科技,"生產製程及檢測設備, IC封裝測試"
6725,矽科宏晟,"生產製程及檢測設備, 其他"
